Shelfmark,UV URL,Page Label,Date,Type,Note
MS 25503,http://access.bl.uk/item/viewer/ark:/81055/vdc_100182439744.0x000001,f.1r,"2,1,27",Meeting Minutes,Elections
MS 25503,http://access.bl.uk/item/viewer/ark:/81055/vdc_100182439744.0x000001,f.1v,"2,1,27",Meeting Minutes,Keys / Rules
MS 25503,http://access.bl.uk/item/viewer/ark:/81055/vdc_100182439744.0x000001,f.2r,"2,1,27",Meeting Minutes,Loan / Subpenas 
MS 25503,http://access.bl.uk/item/viewer/ark:/81055/vdc_100182439744.0x000001,f.2v,"2,1,27",Meeting Minutes,Customs / Memorials
MS 25503,http://access.bl.uk/item/viewer/ark:/81055/vdc_100182439744.0x000001,f.3r,"2,1,27",Meeting Minutes,Petitions / Memorials / Other Applications
MS 25503,http://access.bl.uk/item/viewer/ark:/81055/vdc_100182439744.0x000001,f.3v,"2,1,27",Meeting Minutes,Board of Trustees
MS 25503,http://access.bl.uk/item/viewer/ark:/81055/vdc_100182439744.0x000001,f.4r,"2,1,27",Meeting Minutes,Fisheries / Prosections at Law
MS 25503,http://access.bl.uk/item/viewer/ark:/81055/vdc_100182439744.0x000001,f.4v,"2,1,27",Meeting Minutes,Letters of Attorney
MS 25503,http://access.bl.uk/item/viewer/ark:/81055/vdc_100182439744.0x000001,f.5r,"2,1,27",Meeting Minutes,Supra Cargoes / Admiralty
MS 25503,http://access.bl.uk/item/viewer/ark:/81055/vdc_100182439744.0x000001,f.5v,"2,1,27",Meeting Minutes,Mr. Straford / Agent at Madrid
MS 25503,http://access.bl.uk/item/viewer/ark:/81055/vdc_100182439744.0x000001,f.6r,"2,1,27",Meeting Minutes,Buenos Ayes Factory / Supra Cargoes
MS 25503,http://access.bl.uk/item/viewer/ark:/81055/vdc_100182439744.0x000001,f.6v,"2,1,27",Meeting Minutes,House Council Appt / East India Co.
MS 25503,http://access.bl.uk/item/viewer/ark:/81055/vdc_100182439744.0x000001,f.7r,"2,1,27",Meeting Minutes,Sales / Commitee for Buildings
MS 25503,http://access.bl.uk/item/viewer/ark:/81055/vdc_100182439744.0x000001,f.7v,"2,1,27",Meeting Minutes,Committee of Accompts [sic] / House & Serv. / Lords Committee for Trade
MS 25503,http://access.bl.uk/item/viewer/ark:/81055/vdc_100182439744.0x000001,f.8r,"2,1,27",Meeting Minutes,General Court / Royal George / Bank
MS 25503,http://access.bl.uk/item/viewer/ark:/81055/vdc_100182439744.0x000001,f.8v,"2,1,27",Meeting Minutes,Cash / Hon. House of Comons [sic] / Stock Belonging to Company
MS 25503,http://access.bl.uk/item/viewer/ark:/81055/vdc_100182439744.0x000001,f.9r,"2,1,27",Meeting Minutes,Comm. For Disposal of Friuts from Cuba / Arbitrations / Sloops
MS 25503,http://access.bl.uk/item/viewer/ark:/81055/vdc_100182439744.0x000001,f.9v,"2,1,27",Meeting Minutes,Sir Wm. Con [sic?] Spanish Director/ Agents at Jamaica / Committee Of Buying
MS 25503,http://access.bl.uk/item/viewer/ark:/81055/vdc_100182439744.0x000001,f.10r,"2,1,27",Meeting Minutes,R. African Company / His Excellency Mr. Stanhope / Bonds Sealed
MS 25503,http://access.bl.uk/item/viewer/ark:/81055/vdc_100182439744.0x000001,f.10v,"2,1,27",Meeting Minutes,Accts. With the King of Spain / Trustees Reports on Claims
MS 25503,http://access.bl.uk/item/viewer/ark:/81055/vdc_100182439744.0x000001,f.11r,"2,1,27",Meeting Minutes,Kingsale [sic?] Man of War
MS 25503,http://access.bl.uk/item/viewer/ark:/81055/vdc_100182439744.0x000001,f.12r,"2,1,27",Meeting Minutes,Notes / Standing Orders
MS 25503,http://access.bl.uk/item/viewer/ark:/81055/vdc_100182439744.0x000001,f.13r,"2,1,27",Meeting Minutes,Deputy chosen / Oath taken. Evening.
,,,,,
MS 25503,http://access.bl.uk/item/viewer/ark:/81055/vdc_100182439744.0x000001,f.13r,"2,3,27",Meeting Minutes,Directors chosen / Oaths taken. Evening.
,,,,,
MS 25503,http://access.bl.uk/item/viewer/ark:/81055/vdc_100182439744.0x000001,f.13r,"2,8,27",Meeting Minutes,Directors chosen / Oaths taken
,,,,,
MS 25503,http://access.bl.uk/item/viewer/ark:/81055/vdc_100182439744.0x000001,f.13v,"2,9,27",Meeting Minutes,
MS 25503,http://access.bl.uk/item/viewer/ark:/81055/vdc_100182439744.0x000001,f.14r,"2,9,27",Meeting Minutes,
MS 25503,http://access.bl.uk/item/viewer/ark:/81055/vdc_100182439744.0x000001,f.14v,"2,9,27",Meeting Minutes,
MS 25503,http://access.bl.uk/item/viewer/ark:/81055/vdc_100182439744.0x000001,f.15r,"2,9,27",Meeting Minutes,
,,,,,
MS 25503,http://access.bl.uk/item/viewer/ark:/81055/vdc_100182439744.0x000001,f.15v,"2,16,27",Meeting Minutes,
MS 25503,http://access.bl.uk/item/viewer/ark:/81055/vdc_100182439744.0x000001,f.16r,"2,16,27",Meeting Minutes,
MS 25503,http://access.bl.uk/item/viewer/ark:/81055/vdc_100182439744.0x000001,f.16v,"2,16,27",Meeting Minutes,
,,,,,
MS 25503,http://access.bl.uk/item/viewer/ark:/81055/vdc_100182439744.0x000001,f.17r,"2,23,27",Meeting Minutes,
MS 25503,http://access.bl.uk/item/viewer/ark:/81055/vdc_100182439744.0x000001,f.17v,"2,23,27",Meeting Minutes,
MS 25503,http://access.bl.uk/item/viewer/ark:/81055/vdc_100182439744.0x000001,f.18r,"2,23,27",Meeting Minutes,
MS 25503,http://access.bl.uk/item/viewer/ark:/81055/vdc_100182439744.0x000001,f.18v,"2,23,27",Meeting Minutes,
,,,,,
MS 25503,http://access.bl.uk/item/viewer/ark:/81055/vdc_100182439744.0x000001,f.19r,"3,2,27",Meeting Minutes,
MS 25503,http://access.bl.uk/item/viewer/ark:/81055/vdc_100182439744.0x000001,f.19v,"3,2,27",Meeting Minutes,
,,,,,
MS 25503,http://access.bl.uk/item/viewer/ark:/81055/vdc_100182439744.0x000001,f.20r,"3,8,27",Meeting Minutes,
,,,,,
MS 25503,http://access.bl.uk/item/viewer/ark:/81055/vdc_100182439744.0x000001,f.20r,"3,9,27",Meeting Minutes,
MS 25503,http://access.bl.uk/item/viewer/ark:/81055/vdc_100182439744.0x000001,f.20v,"3,9,27",Meeting Minutes,
MS 25503,http://access.bl.uk/item/viewer/ark:/81055/vdc_100182439744.0x000001,f.21r,"3,9,27",Meeting Minutes,
MS 25503,http://access.bl.uk/item/viewer/ark:/81055/vdc_100182439744.0x000001,f.21v,"3,9,27",Meeting Minutes,
MS 25503,http://access.bl.uk/item/viewer/ark:/81055/vdc_100182439744.0x000001,f.22r,"3,9,27",Meeting Minutes,
,,,,,
MS 25503,http://access.bl.uk/item/viewer/ark:/81055/vdc_100182439744.0x000001,f.22v,"3,16,27",Meeting Minutes,
MS 25503,http://access.bl.uk/item/viewer/ark:/81055/vdc_100182439744.0x000001,f.23r,"3,16,27",Meeting Minutes,
,,,,,
MS 25503,http://access.bl.uk/item/viewer/ark:/81055/vdc_100182439744.0x000001,f.23v,"3,23,27",Meeting Minutes,
MS 25503,http://access.bl.uk/item/viewer/ark:/81055/vdc_100182439744.0x000001,f.24r,"3,23,27",Meeting Minutes,
MS 25503,http://access.bl.uk/item/viewer/ark:/81055/vdc_100182439744.0x000001,f.24v,"3,23,27",Meeting Minutes,
,,,,,
MS 25503,http://access.bl.uk/item/viewer/ark:/81055/vdc_100182439744.0x000001,f.25r,"3,30,27",Meeting Minutes,
MS 25503,http://access.bl.uk/item/viewer/ark:/81055/vdc_100182439744.0x000001,f.25v,"3,30,27",Meeting Minutes,
MS 25503,http://access.bl.uk/item/viewer/ark:/81055/vdc_100182439744.0x000001,f.26r,"3,30,27",Meeting Minutes,
,,,,,
MS 25503,http://access.bl.uk/item/viewer/ark:/81055/vdc_100182439744.0x000001,f.26r,"4,6,27",Meeting Minutes,
MS 25503,http://access.bl.uk/item/viewer/ark:/81055/vdc_100182439744.0x000001,f.26v,"4,6,27",Meeting Minutes,
,,,,,
MS 25503,http://access.bl.uk/item/viewer/ark:/81055/vdc_100182439744.0x000001,f.27r,"4,13,27",Meeting Minutes,
MS 25503,http://access.bl.uk/item/viewer/ark:/81055/vdc_100182439744.0x000001,f.27v,"4,13,27",Meeting Minutes,
,,,,,
MS 25503,http://access.bl.uk/item/viewer/ark:/81055/vdc_100182439744.0x000001,f.28r,"4,18,27",Meeting Minutes,
,,,,,
MS 25503,http://access.bl.uk/item/viewer/ark:/81055/vdc_100182439744.0x000001,f.28v,"4,22,27",Meeting Minutes,
MS 25503,http://access.bl.uk/item/viewer/ark:/81055/vdc_100182439744.0x000001,f.29r,"4,22,27",Meeting Minutes,
,,,,,
MS 25503,http://access.bl.uk/item/viewer/ark:/81055/vdc_100182439744.0x000001,f.29r,"4,27,27",Meeting Minutes,
MS 25503,http://access.bl.uk/item/viewer/ark:/81055/vdc_100182439744.0x000001,f.29v,"4,27,27",Meeting Minutes,
MS 25503,http://access.bl.uk/item/viewer/ark:/81055/vdc_100182439744.0x000001,f.30r,"4,27,27",Meeting Minutes,
,,,,,
MS 25503,http://access.bl.uk/item/viewer/ark:/81055/vdc_100182439744.0x000001,f.30v,"5,4,27",Meeting Minutes,
MS 25503,http://access.bl.uk/item/viewer/ark:/81055/vdc_100182439744.0x000001,f.31r,"5,4,27",Meeting Minutes,
MS 25503,http://access.bl.uk/item/viewer/ark:/81055/vdc_100182439744.0x000001,f.31v,"5,4,27",Meeting Minutes,
MS 25503,http://access.bl.uk/item/viewer/ark:/81055/vdc_100182439744.0x000001,f.32r,"5,4,27",Meeting Minutes,
,,,,,
MS 25503,http://access.bl.uk/item/viewer/ark:/81055/vdc_100182439744.0x000001,f.32v,"5,11,27",Meeting Minutes,
MS 25503,http://access.bl.uk/item/viewer/ark:/81055/vdc_100182439744.0x000001,f.33r,"5,11,27",Meeting Minutes,
,,,,,
MS 25503,http://access.bl.uk/item/viewer/ark:/81055/vdc_100182439744.0x000001,f.33v,"5,18,27",Meeting Minutes,
MS 25503,http://access.bl.uk/item/viewer/ark:/81055/vdc_100182439744.0x000001,f.34r,"5,18,27",Meeting Minutes,
MS 25503,http://access.bl.uk/item/viewer/ark:/81055/vdc_100182439744.0x000001,f.34v,"5,18,27",Meeting Minutes,
,,,,,
MS 25503,http://access.bl.uk/item/viewer/ark:/81055/vdc_100182439744.0x000001,f.35r,"5,29,27",Meeting Minutes,
,,,,,
MS 25503,http://access.bl.uk/item/viewer/ark:/81055/vdc_100182439744.0x000001,f.35v,"6,1,27",Meeting Minutes,
MS 25503,http://access.bl.uk/item/viewer/ark:/81055/vdc_100182439744.0x000001,f.36r,"6,1,27",Meeting Minutes,
MS 25503,http://access.bl.uk/item/viewer/ark:/81055/vdc_100182439744.0x000001,f.36v,"6,1,27",Meeting Minutes,
MS 25503,http://access.bl.uk/item/viewer/ark:/81055/vdc_100182439744.0x000001,f.37r,"6,1,27",Meeting Minutes,
MS 25503,http://access.bl.uk/item/viewer/ark:/81055/vdc_100182439744.0x000001,f.37v,"6,1,27",Meeting Minutes,
MS 25503,http://access.bl.uk/item/viewer/ark:/81055/vdc_100182439744.0x000001,f.38r,"6,1,27",Meeting Minutes,
,,,,,
MS 25503,http://access.bl.uk/item/viewer/ark:/81055/vdc_100182439744.0x000001,f.38r,"6,8,27",Meeting Minutes,
MS 25503,http://access.bl.uk/item/viewer/ark:/81055/vdc_100182439744.0x000001,f.38v,"6,8,27",Meeting Minutes,
MS 25503,http://access.bl.uk/item/viewer/ark:/81055/vdc_100182439744.0x000001,f.39r,"6,8,27",Meeting Minutes,
MS 25503,http://access.bl.uk/item/viewer/ark:/81055/vdc_100182439744.0x000001,f.39v,"6,8,27",Meeting Minutes,
MS 25503,http://access.bl.uk/item/viewer/ark:/81055/vdc_100182439744.0x000001,f.40r,"6,8,27",Meeting Minutes,
,,,,,
MS 25503,http://access.bl.uk/item/viewer/ark:/81055/vdc_100182439744.0x000001,f.40r,"6,15,27",Meeting Minutes,
MS 25503,http://access.bl.uk/item/viewer/ark:/81055/vdc_100182439744.0x000001,f.40v,"6,15,27",Meeting Minutes,
MS 25503,http://access.bl.uk/item/viewer/ark:/81055/vdc_100182439744.0x000001,f.41r,"6,15,27",Meeting Minutes,
,,,,,
MS 25503,http://access.bl.uk/item/viewer/ark:/81055/vdc_100182439744.0x000001,f.41r,"6,22,27",Meeting Minutes,
MS 25503,http://access.bl.uk/item/viewer/ark:/81055/vdc_100182439744.0x000001,f.41v,"6,22,27",Meeting Minutes,
MS 25503,http://access.bl.uk/item/viewer/ark:/81055/vdc_100182439744.0x000001,f.42r,"6,22,27",Meeting Minutes,
MS 25503,http://access.bl.uk/item/viewer/ark:/81055/vdc_100182439744.0x000001,f.42v,"6,22,27",Meeting Minutes,
MS 25503,http://access.bl.uk/item/viewer/ark:/81055/vdc_100182439744.0x000001,f.43r,"6,22,27",Meeting Minutes,
,,,,,
MS 25503,http://access.bl.uk/item/viewer/ark:/81055/vdc_100182439744.0x000001,f.43v,"6,29,27",Meeting Minutes,
MS 25503,http://access.bl.uk/item/viewer/ark:/81055/vdc_100182439744.0x000001,f.44r,"6,29,27",Meeting Minutes,
MS 25503,http://access.bl.uk/item/viewer/ark:/81055/vdc_100182439744.0x000001,f.44v,"6,29,27",Meeting Minutes,
,,,,,
MS 25503,http://access.bl.uk/item/viewer/ark:/81055/vdc_100182439744.0x000001,f.45r,"6,30,27",Meeting Minutes,
MS 25503,http://access.bl.uk/item/viewer/ark:/81055/vdc_100182439744.0x000001,f.45v,"6,30,27",Meeting Minutes,
,,,,,
MS 25503,http://access.bl.uk/item/viewer/ark:/81055/vdc_100182439744.0x000001,f.45v,"7,4,27",Meeting Minutes,
MS 25503,http://access.bl.uk/item/viewer/ark:/81055/vdc_100182439744.0x000001,f.46r,"7,4,27",Meeting Minutes,
,,,,,
MS 25503,http://access.bl.uk/item/viewer/ark:/81055/vdc_100182439744.0x000001,f.46v,"7,6,27",Meeting Minutes,
MS 25503,http://access.bl.uk/item/viewer/ark:/81055/vdc_100182439744.0x000001,f.47r,"7,6,27",Meeting Minutes,
,,,,,
MS 25503,http://access.bl.uk/item/viewer/ark:/81055/vdc_100182439744.0x000001,f.47v,"7,13,27",Meeting Minutes,
MS 25503,http://access.bl.uk/item/viewer/ark:/81055/vdc_100182439744.0x000001,f.48r,"7,13,27",Meeting Minutes,
MS 25503,http://access.bl.uk/item/viewer/ark:/81055/vdc_100182439744.0x000001,f.48v,"7,13,27",Meeting Minutes,
MS 25503,http://access.bl.uk/item/viewer/ark:/81055/vdc_100182439744.0x000001,f.49r,"7,13,27",Meeting Minutes,
,,,,,
MS 25503,http://access.bl.uk/item/viewer/ark:/81055/vdc_100182439744.0x000001,f.49r,"7,19,27",Meeting Minutes,
MS 25503,http://access.bl.uk/item/viewer/ark:/81055/vdc_100182439744.0x000001,f.49v,"7,19,27",Meeting Minutes,
,,,,,
MS 25503,http://access.bl.uk/item/viewer/ark:/81055/vdc_100182439744.0x000001,f.49v,"7,20,27",Meeting Minutes,
MS 25503,http://access.bl.uk/item/viewer/ark:/81055/vdc_100182439744.0x000001,f.50r,"7,20,27",Meeting Minutes,
MS 25503,http://access.bl.uk/item/viewer/ark:/81055/vdc_100182439744.0x000001,f.50v,"7,20,27",Meeting Minutes,
MS 25503,http://access.bl.uk/item/viewer/ark:/81055/vdc_100182439744.0x000001,f.51r,"7,20,27",Meeting Minutes,
MS 25503,http://access.bl.uk/item/viewer/ark:/81055/vdc_100182439744.0x000001,f.51v,"7,20,27",Meeting Minutes,
,,,,,
MS 25503,http://access.bl.uk/item/viewer/ark:/81055/vdc_100182439744.0x000001,f.51v,"7,21,27",Meeting Minutes,
MS 25503,http://access.bl.uk/item/viewer/ark:/81055/vdc_100182439744.0x000001,f.52r,"7,21,27",Meeting Minutes,
,,,,,
MS 25503,http://access.bl.uk/item/viewer/ark:/81055/vdc_100182439744.0x000001,f.52v,"7,27,27",Meeting Minutes,
MS 25503,http://access.bl.uk/item/viewer/ark:/81055/vdc_100182439744.0x000001,f.53r,"7,27,27",Meeting Minutes,
MS 25503,http://access.bl.uk/item/viewer/ark:/81055/vdc_100182439744.0x000001,f.53v,"7,27,27",Meeting Minutes,
MS 25503,http://access.bl.uk/item/viewer/ark:/81055/vdc_100182439744.0x000001,f.54r,"7,27,27",Meeting Minutes,
MS 25503,http://access.bl.uk/item/viewer/ark:/81055/vdc_100182439744.0x000001,f.54v,"7,27,27",Meeting Minutes,
,,,,,
MS 25503,http://access.bl.uk/item/viewer/ark:/81055/vdc_100182439744.0x000001,f.54v,"8,3,27",Meeting Minutes,
MS 25503,http://access.bl.uk/item/viewer/ark:/81055/vdc_100182439744.0x000001,f.55r,"8,3,27",Meeting Minutes,
MS 25503,http://access.bl.uk/item/viewer/ark:/81055/vdc_100182439744.0x000001,f.55v,"8,3,27",Meeting Minutes,
MS 25503,http://access.bl.uk/item/viewer/ark:/81055/vdc_100182439744.0x000001,f.56r,"8,3,27",Meeting Minutes,
,,,,,
MS 25503,http://access.bl.uk/item/viewer/ark:/81055/vdc_100182439744.0x000001,f.56r,"8,18,27",Meeting Minutes,
MS 25503,http://access.bl.uk/item/viewer/ark:/81055/vdc_100182439744.0x000001,f.56v,"8,18,27",Meeting Minutes,
,,,,,
MS 25503,http://access.bl.uk/item/viewer/ark:/81055/vdc_100182439744.0x000001,f.56v,"9,7,27",Meeting Minutes,
MS 25503,http://access.bl.uk/item/viewer/ark:/81055/vdc_100182439744.0x000001,f.57r,"9,7,27",Meeting Minutes,
MS 25503,http://access.bl.uk/item/viewer/ark:/81055/vdc_100182439744.0x000001,f.57v,"9,7,27",Meeting Minutes,
MS 25503,http://access.bl.uk/item/viewer/ark:/81055/vdc_100182439744.0x000001,f.58r,"9,7,27",Meeting Minutes,
,,,,,
MS 25503,http://access.bl.uk/item/viewer/ark:/81055/vdc_100182439744.0x000001,f.58r,"9,14,27",Meeting Minutes,
MS 25503,http://access.bl.uk/item/viewer/ark:/81055/vdc_100182439744.0x000001,f.58v,"9,14,27",Meeting Minutes,
MS 25503,http://access.bl.uk/item/viewer/ark:/81055/vdc_100182439744.0x000001,f.59r,"9,14,27",Meeting Minutes,
MS 25503,http://access.bl.uk/item/viewer/ark:/81055/vdc_100182439744.0x000001,f.59v,"9,14,27",Meeting Minutes,
,,,,,
MS 25503,http://access.bl.uk/item/viewer/ark:/81055/vdc_100182439744.0x000001,f.59v,"9,20,27",Meeting Minutes,
MS 25503,http://access.bl.uk/item/viewer/ark:/81055/vdc_100182439744.0x000001,f.60r,"9,20,27",Meeting Minutes,
,,,,,
MS 25503,http://access.bl.uk/item/viewer/ark:/81055/vdc_100182439744.0x000001,f.60v,"9,21,27",Meeting Minutes,
MS 25503,http://access.bl.uk/item/viewer/ark:/81055/vdc_100182439744.0x000001,f.61r,"9,21,27",Meeting Minutes,
,,,,,
MS 25503,http://access.bl.uk/item/viewer/ark:/81055/vdc_100182439744.0x000001,f.61v,"9,28,27",Meeting Minutes,
MS 25503,http://access.bl.uk/item/viewer/ark:/81055/vdc_100182439744.0x000001,f.62r,"9,28,27",Meeting Minutes,
MS 25503,http://access.bl.uk/item/viewer/ark:/81055/vdc_100182439744.0x000001,f.62v,"9,28,27",Meeting Minutes,
MS 25503,http://access.bl.uk/item/viewer/ark:/81055/vdc_100182439744.0x000001,f.63r,"9,28,27",Meeting Minutes,
MS 25503,http://access.bl.uk/item/viewer/ark:/81055/vdc_100182439744.0x000001,f.63v,"9,28,27",Meeting Minutes,
,,,,,
MS 25503,http://access.bl.uk/item/viewer/ark:/81055/vdc_100182439744.0x000001,f.63v,"10,4,27",Meeting Minutes,
MS 25503,http://access.bl.uk/item/viewer/ark:/81055/vdc_100182439744.0x000001,f.64r,"10,4,27",Meeting Minutes,
MS 25503,http://access.bl.uk/item/viewer/ark:/81055/vdc_100182439744.0x000001,f.64v,"10,4,27",Meeting Minutes,
MS 25503,http://access.bl.uk/item/viewer/ark:/81055/vdc_100182439744.0x000001,f.65r,"10,4,27",Meeting Minutes,
,,,,,
MS 25503,http://access.bl.uk/item/viewer/ark:/81055/vdc_100182439744.0x000001,f.65r,"10,19,27",Meeting Minutes,
MS 25503,http://access.bl.uk/item/viewer/ark:/81055/vdc_100182439744.0x000001,f.65v,"10,19,27",Meeting Minutes,
MS 25503,http://access.bl.uk/item/viewer/ark:/81055/vdc_100182439744.0x000001,f.66r,"10,19,27",Meeting Minutes,
MS 25503,http://access.bl.uk/item/viewer/ark:/81055/vdc_100182439744.0x000001,f.66v,"10,19,27",Meeting Minutes,
,,,,,
MS 25503,http://access.bl.uk/item/viewer/ark:/81055/vdc_100182439744.0x000001,f.66v,"10,26,27",Meeting Minutes,
MS 25503,http://access.bl.uk/item/viewer/ark:/81055/vdc_100182439744.0x000001,f.67r,"10,26,27",Meeting Minutes,
MS 25503,http://access.bl.uk/item/viewer/ark:/81055/vdc_100182439744.0x000001,f.67v,"10,26,27",Meeting Minutes,
MS 25503,http://access.bl.uk/item/viewer/ark:/81055/vdc_100182439744.0x000001,f.68r,"10,26,27",Meeting Minutes,
,,,,,
MS 25503,http://access.bl.uk/item/viewer/ark:/81055/vdc_100182439744.0x000001,f.68v,"11,2,27",Meeting Minutes,
MS 25503,http://access.bl.uk/item/viewer/ark:/81055/vdc_100182439744.0x000001,f.69r,"11,2,27",Meeting Minutes,
MS 25503,http://access.bl.uk/item/viewer/ark:/81055/vdc_100182439744.0x000001,f.69v,"11,2,27",Meeting Minutes,
,,,,,
MS 25503,http://access.bl.uk/item/viewer/ark:/81055/vdc_100182439744.0x000001,f.70r,"11,9,27",Meeting Minutes,
MS 25503,http://access.bl.uk/item/viewer/ark:/81055/vdc_100182439744.0x000001,f.70v,"11,9,27",Meeting Minutes,
MS 25503,http://access.bl.uk/item/viewer/ark:/81055/vdc_100182439744.0x000001,f.71r,"11,9,27",Meeting Minutes,
,,,,,
MS 25503,http://access.bl.uk/item/viewer/ark:/81055/vdc_100182439744.0x000001,f.71v,"11,10,27",Meeting Minutes,
MS 25503,http://access.bl.uk/item/viewer/ark:/81055/vdc_100182439744.0x000001,f.72r,"11,10,27",Meeting Minutes,
,,,,,
MS 25503,http://access.bl.uk/item/viewer/ark:/81055/vdc_100182439744.0x000001,f.72r,"11,16,27",Meeting Minutes,
MS 25503,http://access.bl.uk/item/viewer/ark:/81055/vdc_100182439744.0x000001,f.72v,"11,16,27",Meeting Minutes,
MS 25503,http://access.bl.uk/item/viewer/ark:/81055/vdc_100182439744.0x000001,f.73r,"11,16,27",Meeting Minutes,
MS 25503,http://access.bl.uk/item/viewer/ark:/81055/vdc_100182439744.0x000001,f.73v,"11,16,27",Meeting Minutes,
MS 25503,http://access.bl.uk/item/viewer/ark:/81055/vdc_100182439744.0x000001,f.74r,"11,16,27",Meeting Minutes,
MS 25503,http://access.bl.uk/item/viewer/ark:/81055/vdc_100182439744.0x000001,f.74v,"11,16,27",Meeting Minutes,
,,,,,
MS 25503,http://access.bl.uk/item/viewer/ark:/81055/vdc_100182439744.0x000001,f.75r,"11,23,27",Meeting Minutes,
MS 25503,http://access.bl.uk/item/viewer/ark:/81055/vdc_100182439744.0x000001,f.75v,"11,23,27",Meeting Minutes,
MS 25503,http://access.bl.uk/item/viewer/ark:/81055/vdc_100182439744.0x000001,f.76r,"11,23,27",Meeting Minutes,
MS 25503,http://access.bl.uk/item/viewer/ark:/81055/vdc_100182439744.0x000001,f.76v,"11,23,27",Meeting Minutes,
,,,,,
MS 25503,http://access.bl.uk/item/viewer/ark:/81055/vdc_100182439744.0x000001,f.77r,"11,30,27",Meeting Minutes,
MS 25503,http://access.bl.uk/item/viewer/ark:/81055/vdc_100182439744.0x000001,f.77v,"11,30,27",Meeting Minutes,
MS 25503,http://access.bl.uk/item/viewer/ark:/81055/vdc_100182439744.0x000001,f.78r,"11,30,27",Meeting Minutes,
MS 25503,http://access.bl.uk/item/viewer/ark:/81055/vdc_100182439744.0x000001,f.78v,"11,30,27",Meeting Minutes,
MS 25503,http://access.bl.uk/item/viewer/ark:/81055/vdc_100182439744.0x000001,f.79r,"11,30,27",Meeting Minutes,
,,,,,
MS 25503,http://access.bl.uk/item/viewer/ark:/81055/vdc_100182439744.0x000001,f.79r,"12,7,27",Meeting Minutes,
MS 25503,http://access.bl.uk/item/viewer/ark:/81055/vdc_100182439744.0x000001,f.79v,"12,7,27",Meeting Minutes,
MS 25503,http://access.bl.uk/item/viewer/ark:/81055/vdc_100182439744.0x000001,f.80r,"12,7,27",Meeting Minutes,
MS 25503,http://access.bl.uk/item/viewer/ark:/81055/vdc_100182439744.0x000001,f.80v,"12,7,27",Meeting Minutes,
MS 25503,http://access.bl.uk/item/viewer/ark:/81055/vdc_100182439744.0x000001,f.81r,"12,7,27",Meeting Minutes,
MS 25503,http://access.bl.uk/item/viewer/ark:/81055/vdc_100182439744.0x000001,f.81v,"12,7,27",Meeting Minutes,
,,,,,
MS 25503,http://access.bl.uk/item/viewer/ark:/81055/vdc_100182439744.0x000001,f.81v,"12,14,27",Meeting Minutes,
MS 25503,http://access.bl.uk/item/viewer/ark:/81055/vdc_100182439744.0x000001,f.82r,"12,14,27",Meeting Minutes,
MS 25503,http://access.bl.uk/item/viewer/ark:/81055/vdc_100182439744.0x000001,f.82v,"12,14,27",Meeting Minutes,
MS 25503,http://access.bl.uk/item/viewer/ark:/81055/vdc_100182439744.0x000001,f.83r,"12,14,27",Meeting Minutes,
MS 25503,http://access.bl.uk/item/viewer/ark:/81055/vdc_100182439744.0x000001,f.83v,"12,14,27",Meeting Minutes,
MS 25503,http://access.bl.uk/item/viewer/ark:/81055/vdc_100182439744.0x000001,f.84r,"12,14,27",Meeting Minutes,
,,,,,
MS 25503,http://access.bl.uk/item/viewer/ark:/81055/vdc_100182439744.0x000001,f.84v,"12,22,27",Meeting Minutes,
MS 25503,http://access.bl.uk/item/viewer/ark:/81055/vdc_100182439744.0x000001,f.85r,"12,22,27",Meeting Minutes,
MS 25503,http://access.bl.uk/item/viewer/ark:/81055/vdc_100182439744.0x000001,f.85v,"12,22,27",Meeting Minutes,
MS 25503,http://access.bl.uk/item/viewer/ark:/81055/vdc_100182439744.0x000001,f.86r,"12,22,27",Meeting Minutes,
MS 25503,http://access.bl.uk/item/viewer/ark:/81055/vdc_100182439744.0x000001,f.86v,"12,22,27",Meeting Minutes,
MS 25503,http://access.bl.uk/item/viewer/ark:/81055/vdc_100182439744.0x000001,f.87r,"12,22,27",Meeting Minutes,
MS 25503,http://access.bl.uk/item/viewer/ark:/81055/vdc_100182439744.0x000001,f.87v,"12,22,27",Meeting Minutes,
,,,,,
MS 25503,http://access.bl.uk/item/viewer/ark:/81055/vdc_100182439744.0x000001,f.87v,"1,4,28",Meeting Minutes,
MS 25503,http://access.bl.uk/item/viewer/ark:/81055/vdc_100182439744.0x000001,f.88r,"1,4,28",Meeting Minutes,
MS 25503,http://access.bl.uk/item/viewer/ark:/81055/vdc_100182439744.0x000001,f.88v,"1,4,28",Meeting Minutes,
,,,,,
MS 25503,http://access.bl.uk/item/viewer/ark:/81055/vdc_100182439744.0x000001,f.89r,"1,11,28",Meeting Minutes,
MS 25503,http://access.bl.uk/item/viewer/ark:/81055/vdc_100182439744.0x000001,f.89v,"1,11,28",Meeting Minutes,
MS 25503,http://access.bl.uk/item/viewer/ark:/81055/vdc_100182439744.0x000001,f.90r,"1,11,28",Meeting Minutes,
,,,,,
MS 25503,http://access.bl.uk/item/viewer/ark:/81055/vdc_100182439744.0x000001,f.90v,"1,18,28",Meeting Minutes,
MS 25503,http://access.bl.uk/item/viewer/ark:/81055/vdc_100182439744.0x000001,f.91r,"1,18,28",Meeting Minutes,
MS 25503,http://access.bl.uk/item/viewer/ark:/81055/vdc_100182439744.0x000001,f.91v,"1,18,28",Meeting Minutes,
MS 25503,http://access.bl.uk/item/viewer/ark:/81055/vdc_100182439744.0x000001,f.92r,"1,18,28",Meeting Minutes,
MS 25503,http://access.bl.uk/item/viewer/ark:/81055/vdc_100182439744.0x000001,f.92v,"1,18,28",Meeting Minutes,
MS 25503,http://access.bl.uk/item/viewer/ark:/81055/vdc_100182439744.0x000001,f.93r,"1,18,28",Meeting Minutes,
,,,,,
MS 25503,http://access.bl.uk/item/viewer/ark:/81055/vdc_100182439744.0x000001,f.93v,"1,25,28",Meeting Minutes,
MS 25503,http://access.bl.uk/item/viewer/ark:/81055/vdc_100182439744.0x000001,f.94r,"1,25,28",Meeting Minutes,
MS 25503,http://access.bl.uk/item/viewer/ark:/81055/vdc_100182439744.0x000001,f.94v,"1,25,28",Meeting Minutes,
MS 25503,http://access.bl.uk/item/viewer/ark:/81055/vdc_100182439744.0x000001,f.95r,"1,25,28",Meeting Minutes,
MS 25503,http://access.bl.uk/item/viewer/ark:/81055/vdc_100182439744.0x000001,f.95v,"1,25,28",Meeting Minutes,
,,,,,
MS 25503,http://access.bl.uk/item/viewer/ark:/81055/vdc_100182439744.0x000001,f.95v,"1,26,28",Meeting Minutes,
MS 25503,http://access.bl.uk/item/viewer/ark:/81055/vdc_100182439744.0x000001,f.96r,"1,26,28",Meeting Minutes,
,,,,,
MS 25503,http://access.bl.uk/item/viewer/ark:/81055/vdc_100182439744.0x000001,f.96r,"2,2,28",Meeting Minutes,
MS 25503,http://access.bl.uk/item/viewer/ark:/81055/vdc_100182439744.0x000001,f.96v,"2,2,28",Meeting Minutes,
MS 25503,http://access.bl.uk/item/viewer/ark:/81055/vdc_100182439744.0x000001,f.97r,"2,2,28",Meeting Minutes,
MS 25503,http://access.bl.uk/item/viewer/ark:/81055/vdc_100182439744.0x000001,f.97v,"2,2,28",Meeting Minutes,
MS 25503,http://access.bl.uk/item/viewer/ark:/81055/vdc_100182439744.0x000001,f.98r,"2,2,28",Meeting Minutes,
MS 25503,http://access.bl.uk/item/viewer/ark:/81055/vdc_100182439744.0x000001,f.98v,"2,2,28",Meeting Minutes,
,,,,,
MS 25503,http://access.bl.uk/item/viewer/ark:/81055/vdc_100182439744.0x000001,f.98v,"2,8,28",Meeting Minutes,
MS 25503,http://access.bl.uk/item/viewer/ark:/81055/vdc_100182439744.0x000001,f.99r,"2,8,28",Meeting Minutes,
MS 25503,http://access.bl.uk/item/viewer/ark:/81055/vdc_100182439744.0x000001,f.99v,"2,8,28",Meeting Minutes,
MS 25503,http://access.bl.uk/item/viewer/ark:/81055/vdc_100182439744.0x000001,f.100r,"2,8,28",Meeting Minutes,
MS 25503,http://access.bl.uk/item/viewer/ark:/81055/vdc_100182439744.0x000001,f.100v,"2,8,28",Meeting Minutes,
MS 25503,http://access.bl.uk/item/viewer/ark:/81055/vdc_100182439744.0x000001,f.101r,"2,8,28",Meeting Minutes,
,,,,,
MS 25503,http://access.bl.uk/item/viewer/ark:/81055/vdc_100182439744.0x000001,f.101v,"2,15,28",Meeting Minutes,
MS 25503,http://access.bl.uk/item/viewer/ark:/81055/vdc_100182439744.0x000001,f.102r,"2,15,28",Meeting Minutes,
MS 25503,http://access.bl.uk/item/viewer/ark:/81055/vdc_100182439744.0x000001,f.102v,"2,15,28",Meeting Minutes,
MS 25503,http://access.bl.uk/item/viewer/ark:/81055/vdc_100182439744.0x000001,f.103r,"2,15,28",Meeting Minutes,
MS 25503,http://access.bl.uk/item/viewer/ark:/81055/vdc_100182439744.0x000001,f.103v,"2,15,28",Meeting Minutes,
,,,,,
MS 25503,http://access.bl.uk/item/viewer/ark:/81055/vdc_100182439744.0x000001,f.104r,"2,22,28",Meeting Minutes,
MS 25503,http://access.bl.uk/item/viewer/ark:/81055/vdc_100182439744.0x000001,f.104v,"2,22,28",Meeting Minutes,
MS 25503,http://access.bl.uk/item/viewer/ark:/81055/vdc_100182439744.0x000001,f.105r,"2,22,28",Meeting Minutes,
MS 25503,http://access.bl.uk/item/viewer/ark:/81055/vdc_100182439744.0x000001,f.105v,"2,22,28",Meeting Minutes,
MS 25503,http://access.bl.uk/item/viewer/ark:/81055/vdc_100182439744.0x000001,f.106r,"2,22,28",Meeting Minutes,
,,,,,
MS 25503,http://access.bl.uk/item/viewer/ark:/81055/vdc_100182439744.0x000001,f.106v,"2,29,28",Meeting Minutes,
MS 25503,http://access.bl.uk/item/viewer/ark:/81055/vdc_100182439744.0x000001,f.107r,"2,29,28",Meeting Minutes,
MS 25503,http://access.bl.uk/item/viewer/ark:/81055/vdc_100182439744.0x000001,f.107v,"2,29,28",Meeting Minutes,
MS 25503,http://access.bl.uk/item/viewer/ark:/81055/vdc_100182439744.0x000001,f.108r,"2,29,28",Meeting Minutes,
,,,,,
MS 25503,http://access.bl.uk/item/viewer/ark:/81055/vdc_100182439744.0x000001,f.108r,"3,8,28",Meeting Minutes,
MS 25503,http://access.bl.uk/item/viewer/ark:/81055/vdc_100182439744.0x000001,f.108v,"3,8,28",Meeting Minutes,
MS 25503,http://access.bl.uk/item/viewer/ark:/81055/vdc_100182439744.0x000001,f.109r,"3,8,28",Meeting Minutes,
MS 25503,http://access.bl.uk/item/viewer/ark:/81055/vdc_100182439744.0x000001,f.109v,"3,8,28",Meeting Minutes,
MS 25503,http://access.bl.uk/item/viewer/ark:/81055/vdc_100182439744.0x000001,f.110r,"3,8,28",Meeting Minutes,
,,,,,
MS 25503,http://access.bl.uk/item/viewer/ark:/81055/vdc_100182439744.0x000001,f.110v,"3,15,28",Meeting Minutes,
MS 25503,http://access.bl.uk/item/viewer/ark:/81055/vdc_100182439744.0x000001,f.111r,"3,15,28",Meeting Minutes,
MS 25503,http://access.bl.uk/item/viewer/ark:/81055/vdc_100182439744.0x000001,f.111v,"3,15,28",Meeting Minutes,
MS 25503,http://access.bl.uk/item/viewer/ark:/81055/vdc_100182439744.0x000001,f.112r,"3,15,28",Meeting Minutes,
MS 25503,http://access.bl.uk/item/viewer/ark:/81055/vdc_100182439744.0x000001,f.112v,"3,15,28",Meeting Minutes,
,,,,,
MS 25503,http://access.bl.uk/item/viewer/ark:/81055/vdc_100182439744.0x000001,f.112v,"3,19,28",Meeting Minutes,
MS 25503,http://access.bl.uk/item/viewer/ark:/81055/vdc_100182439744.0x000001,f.113r,"3,19,28",Meeting Minutes,
,,,,,
MS 25503,http://access.bl.uk/item/viewer/ark:/81055/vdc_100182439744.0x000001,f.113v,"3,22,28",Meeting Minutes,
MS 25503,http://access.bl.uk/item/viewer/ark:/81055/vdc_100182439744.0x000001,f.114r,"3,22,28",Meeting Minutes,
MS 25503,http://access.bl.uk/item/viewer/ark:/81055/vdc_100182439744.0x000001,f.114v,"3,22,28",Meeting Minutes,
MS 25503,http://access.bl.uk/item/viewer/ark:/81055/vdc_100182439744.0x000001,f.115r,"3,22,28",Meeting Minutes,
MS 25503,http://access.bl.uk/item/viewer/ark:/81055/vdc_100182439744.0x000001,f.115v,"3,22,28",Meeting Minutes,
MS 25503,http://access.bl.uk/item/viewer/ark:/81055/vdc_100182439744.0x000001,f.116r,"3,22,28",Meeting Minutes,
MS 25503,http://access.bl.uk/item/viewer/ark:/81055/vdc_100182439744.0x000001,f.116v,"3,22,28",Meeting Minutes,
,,,,,
MS 25503,http://access.bl.uk/item/viewer/ark:/81055/vdc_100182439744.0x000001,f.116v,"3,29,28",Meeting Minutes,
MS 25503,http://access.bl.uk/item/viewer/ark:/81055/vdc_100182439744.0x000001,f.117r,"3,29,28",Meeting Minutes,
MS 25503,http://access.bl.uk/item/viewer/ark:/81055/vdc_100182439744.0x000001,f.117v,"3,29,28",Meeting Minutes,
MS 25503,http://access.bl.uk/item/viewer/ark:/81055/vdc_100182439744.0x000001,f.118r,"3,29,28",Meeting Minutes,
MS 25503,http://access.bl.uk/item/viewer/ark:/81055/vdc_100182439744.0x000001,f.118v,"3,29,28",Meeting Minutes,
MS 25503,http://access.bl.uk/item/viewer/ark:/81055/vdc_100182439744.0x000001,f.119r,"3,29,28",Meeting Minutes,
MS 25503,http://access.bl.uk/item/viewer/ark:/81055/vdc_100182439744.0x000001,f.119v,"3,29,28",Meeting Minutes,
,,,,,
MS 25503,http://access.bl.uk/item/viewer/ark:/81055/vdc_100182439744.0x000001,f.120r,"4,5,28",Meeting Minutes,
MS 25503,http://access.bl.uk/item/viewer/ark:/81055/vdc_100182439744.0x000001,f.120v,"4,5,28",Meeting Minutes,
MS 25503,http://access.bl.uk/item/viewer/ark:/81055/vdc_100182439744.0x000001,f.121r,"4,5,28",Meeting Minutes,
MS 25503,http://access.bl.uk/item/viewer/ark:/81055/vdc_100182439744.0x000001,f.121v,"4,5,28",Meeting Minutes,
MS 25503,http://access.bl.uk/item/viewer/ark:/81055/vdc_100182439744.0x000001,f.122r,"4,5,28",Meeting Minutes,
,,,,,
MS 25503,http://access.bl.uk/item/viewer/ark:/81055/vdc_100182439744.0x000001,f.122r,"4,12,28",Meeting Minutes,
MS 25503,http://access.bl.uk/item/viewer/ark:/81055/vdc_100182439744.0x000001,f.122v,"4,12,28",Meeting Minutes,
MS 25503,http://access.bl.uk/item/viewer/ark:/81055/vdc_100182439744.0x000001,f.123r,"4,12,28",Meeting Minutes,
MS 25503,http://access.bl.uk/item/viewer/ark:/81055/vdc_100182439744.0x000001,f.123v,"4,12,28",Meeting Minutes,
,,,,,
MS 25503,http://access.bl.uk/item/viewer/ark:/81055/vdc_100182439744.0x000001,f.124r,"4,18,28",Meeting Minutes,
MS 25503,http://access.bl.uk/item/viewer/ark:/81055/vdc_100182439744.0x000001,f.124v,"4,18,28",Meeting Minutes,
MS 25503,http://access.bl.uk/item/viewer/ark:/81055/vdc_100182439744.0x000001,f.125r,"4,18,28",Meeting Minutes,
MS 25503,http://access.bl.uk/item/viewer/ark:/81055/vdc_100182439744.0x000001,f.125v,"4,18,28",Meeting Minutes,
MS 25503,http://access.bl.uk/item/viewer/ark:/81055/vdc_100182439744.0x000001,f.126r,"4,18,28",Meeting Minutes,
MS 25503,http://access.bl.uk/item/viewer/ark:/81055/vdc_100182439744.0x000001,f.126v,"4,18,28",Meeting Minutes,
,,,,,
MS 25503,http://access.bl.uk/item/viewer/ark:/81055/vdc_100182439744.0x000001,f.127r,"5,3,28",Meeting Minutes,
MS 25503,http://access.bl.uk/item/viewer/ark:/81055/vdc_100182439744.0x000001,f.127v,"5,3,28",Meeting Minutes,
MS 25503,http://access.bl.uk/item/viewer/ark:/81055/vdc_100182439744.0x000001,f.128r,"5,3,28",Meeting Minutes,
MS 25503,http://access.bl.uk/item/viewer/ark:/81055/vdc_100182439744.0x000001,f.128v,"5,3,28",Meeting Minutes,
MS 25503,http://access.bl.uk/item/viewer/ark:/81055/vdc_100182439744.0x000001,f.129r,"5,3,28",Meeting Minutes,
,,,,,
MS 25503,http://access.bl.uk/item/viewer/ark:/81055/vdc_100182439744.0x000001,f.129r,"5,10,28",Meeting Minutes,
MS 25503,http://access.bl.uk/item/viewer/ark:/81055/vdc_100182439744.0x000001,f.129v,"5,10,28",Meeting Minutes,
MS 25503,http://access.bl.uk/item/viewer/ark:/81055/vdc_100182439744.0x000001,f.130r,"5,10,28",Meeting Minutes,
,,,,,
MS 25503,http://access.bl.uk/item/viewer/ark:/81055/vdc_100182439744.0x000001,f.130r,"5,17,28",Meeting Minutes,
MS 25503,http://access.bl.uk/item/viewer/ark:/81055/vdc_100182439744.0x000001,f.130v,"5,17,28",Meeting Minutes,
MS 25503,http://access.bl.uk/item/viewer/ark:/81055/vdc_100182439744.0x000001,f.131r,"5,17,28",Meeting Minutes,
MS 25503,http://access.bl.uk/item/viewer/ark:/81055/vdc_100182439744.0x000001,f.131v,"5,17,28",Meeting Minutes,
MS 25503,http://access.bl.uk/item/viewer/ark:/81055/vdc_100182439744.0x000001,f.132r,"5,17,28",Meeting Minutes,
,,,,,
MS 25503,http://access.bl.uk/item/viewer/ark:/81055/vdc_100182439744.0x000001,f.132v,"5,24,28",Meeting Minutes,
MS 25503,http://access.bl.uk/item/viewer/ark:/81055/vdc_100182439744.0x000001,f.133r,"5,24,28",Meeting Minutes,
MS 25503,http://access.bl.uk/item/viewer/ark:/81055/vdc_100182439744.0x000001,f.133v,"5,24,28",Meeting Minutes,
MS 25503,http://access.bl.uk/item/viewer/ark:/81055/vdc_100182439744.0x000001,f.134r,"5,24,28",Meeting Minutes,
,,,,,
MS 25503,http://access.bl.uk/item/viewer/ark:/81055/vdc_100182439744.0x000001,f.134v,"5,31,28",Meeting Minutes,
MS 25503,http://access.bl.uk/item/viewer/ark:/81055/vdc_100182439744.0x000001,f.135r,"5,31,28",Meeting Minutes,
MS 25503,http://access.bl.uk/item/viewer/ark:/81055/vdc_100182439744.0x000001,f.135v,"5,31,28",Meeting Minutes,
MS 25503,http://access.bl.uk/item/viewer/ark:/81055/vdc_100182439744.0x000001,f.136r,"5,31,28",Meeting Minutes,
,,,,,
MS 25503,http://access.bl.uk/item/viewer/ark:/81055/vdc_100182439744.0x000001,f.136v,"6,6,28",Meeting Minutes,
MS 25503,http://access.bl.uk/item/viewer/ark:/81055/vdc_100182439744.0x000001,f.137r,"6,6,28",Meeting Minutes,
MS 25503,http://access.bl.uk/item/viewer/ark:/81055/vdc_100182439744.0x000001,f.137v,"6,6,28",Meeting Minutes,
MS 25503,http://access.bl.uk/item/viewer/ark:/81055/vdc_100182439744.0x000001,f.138r,"6,6,28",Meeting Minutes,
MS 25503,http://access.bl.uk/item/viewer/ark:/81055/vdc_100182439744.0x000001,f.138v,"6,6,28",Meeting Minutes,
MS 25503,http://access.bl.uk/item/viewer/ark:/81055/vdc_100182439744.0x000001,f.139r,"6,6,28",Meeting Minutes,
,,,,,
MS 25503,http://access.bl.uk/item/viewer/ark:/81055/vdc_100182439744.0x000001,f.139v,"6,21,28",Meeting Minutes,
MS 25503,http://access.bl.uk/item/viewer/ark:/81055/vdc_100182439744.0x000001,f.140r,"6,21,28",Meeting Minutes,
MS 25503,http://access.bl.uk/item/viewer/ark:/81055/vdc_100182439744.0x000001,f.140v,"6,21,28",Meeting Minutes,
MS 25503,http://access.bl.uk/item/viewer/ark:/81055/vdc_100182439744.0x000001,f.141r,"6,21,28",Meeting Minutes,
MS 25503,http://access.bl.uk/item/viewer/ark:/81055/vdc_100182439744.0x000001,f.141v,"6,21,28",Meeting Minutes,
MS 25503,http://access.bl.uk/item/viewer/ark:/81055/vdc_100182439744.0x000001,f.142r,"6,21,28",Meeting Minutes,
MS 25503,http://access.bl.uk/item/viewer/ark:/81055/vdc_100182439744.0x000001,f.142v,"6,21,28",Meeting Minutes,
,,,,,
MS 25503,http://access.bl.uk/item/viewer/ark:/81055/vdc_100182439744.0x000001,f.143r,"6,28,28",Meeting Minutes,
MS 25503,http://access.bl.uk/item/viewer/ark:/81055/vdc_100182439744.0x000001,f.143v,"6,28,28",Meeting Minutes,
MS 25503,http://access.bl.uk/item/viewer/ark:/81055/vdc_100182439744.0x000001,f.144r,"6,28,28",Meeting Minutes,
MS 25503,http://access.bl.uk/item/viewer/ark:/81055/vdc_100182439744.0x000001,f.144v,"6,28,28",Meeting Minutes,
,,,,,
MS 25503,http://access.bl.uk/item/viewer/ark:/81055/vdc_100182439744.0x000001,f.145r,"7,4,28",Meeting Minutes,
MS 25503,http://access.bl.uk/item/viewer/ark:/81055/vdc_100182439744.0x000001,f.145v,"7,4,28",Meeting Minutes,
MS 25503,http://access.bl.uk/item/viewer/ark:/81055/vdc_100182439744.0x000001,f.146r,"7,4,28",Meeting Minutes,
MS 25503,http://access.bl.uk/item/viewer/ark:/81055/vdc_100182439744.0x000001,f.146v,"7,4,28",Meeting Minutes,
,,,,,
MS 25503,http://access.bl.uk/item/viewer/ark:/81055/vdc_100182439744.0x000001,f.146v,"7,12,28",Meeting Minutes,
MS 25503,http://access.bl.uk/item/viewer/ark:/81055/vdc_100182439744.0x000001,f.147r,"7,12,28",Meeting Minutes,
MS 25503,http://access.bl.uk/item/viewer/ark:/81055/vdc_100182439744.0x000001,f.147v,"7,12,28",Meeting Minutes,
MS 25503,http://access.bl.uk/item/viewer/ark:/81055/vdc_100182439744.0x000001,f.148r,"7,12,28",Meeting Minutes,
MS 25503,http://access.bl.uk/item/viewer/ark:/81055/vdc_100182439744.0x000001,f.148v,"7,12,28",Meeting Minutes,
MS 25503,http://access.bl.uk/item/viewer/ark:/81055/vdc_100182439744.0x000001,f.149r,"7,12,28",Meeting Minutes,
,,,,,
MS 25503,http://access.bl.uk/item/viewer/ark:/81055/vdc_100182439744.0x000001,f.149r,"7,18,28",Meeting Minutes,
MS 25503,http://access.bl.uk/item/viewer/ark:/81055/vdc_100182439744.0x000001,f.149v,"7,18,28",Meeting Minutes,
MS 25503,http://access.bl.uk/item/viewer/ark:/81055/vdc_100182439744.0x000001,f.150r,"7,18,28",Meeting Minutes,
MS 25503,http://access.bl.uk/item/viewer/ark:/81055/vdc_100182439744.0x000001,f.150v,"7,18,28",Meeting Minutes,
,,,,,
MS 25503,http://access.bl.uk/item/viewer/ark:/81055/vdc_100182439744.0x000001,f.151r,"7,26,28",Meeting Minutes,
MS 25503,http://access.bl.uk/item/viewer/ark:/81055/vdc_100182439744.0x000001,f.151v,"7,26,28",Meeting Minutes,
MS 25503,http://access.bl.uk/item/viewer/ark:/81055/vdc_100182439744.0x000001,f.152r,"7,26,28",Meeting Minutes,
MS 25503,http://access.bl.uk/item/viewer/ark:/81055/vdc_100182439744.0x000001,f.152v,"7,26,28",Meeting Minutes,
,,,,,
MS 25503,http://access.bl.uk/item/viewer/ark:/81055/vdc_100182439744.0x000001,f.152v,"8,2,28",Meeting Minutes,
MS 25503,http://access.bl.uk/item/viewer/ark:/81055/vdc_100182439744.0x000001,f.153r,"8,2,28",Meeting Minutes,
MS 25503,http://access.bl.uk/item/viewer/ark:/81055/vdc_100182439744.0x000001,f.153v,"8,2,28",Meeting Minutes,
MS 25503,http://access.bl.uk/item/viewer/ark:/81055/vdc_100182439744.0x000001,f.154r,"8,2,28",Meeting Minutes,
MS 25503,http://access.bl.uk/item/viewer/ark:/81055/vdc_100182439744.0x000001,f.154v,"8,2,28",Meeting Minutes,
,,,,,
MS 25503,http://access.bl.uk/item/viewer/ark:/81055/vdc_100182439744.0x000001,f.155r,"8,6,28",Meeting Minutes,
MS 25503,http://access.bl.uk/item/viewer/ark:/81055/vdc_100182439744.0x000001,f.155v,"8,6,28",Meeting Minutes,
MS 25503,http://access.bl.uk/item/viewer/ark:/81055/vdc_100182439744.0x000001,f.156r,"8,6,28",Meeting Minutes,
,,,,,
MS 25503,http://access.bl.uk/item/viewer/ark:/81055/vdc_100182439744.0x000001,f.156r,"8,9,28",Meeting Minutes,
MS 25503,http://access.bl.uk/item/viewer/ark:/81055/vdc_100182439744.0x000001,f.156v,"8,9,28",Meeting Minutes,
MS 25503,http://access.bl.uk/item/viewer/ark:/81055/vdc_100182439744.0x000001,f.157r,"8,9,28",Meeting Minutes,
MS 25503,http://access.bl.uk/item/viewer/ark:/81055/vdc_100182439744.0x000001,f.157v,"8,9,28",Meeting Minutes,
MS 25503,http://access.bl.uk/item/viewer/ark:/81055/vdc_100182439744.0x000001,f.158r,"8,9,28",Meeting Minutes,
,,,,,
MS 25503,http://access.bl.uk/item/viewer/ark:/81055/vdc_100182439744.0x000001,f.158v,"8,16,28",Meeting Minutes,
MS 25503,http://access.bl.uk/item/viewer/ark:/81055/vdc_100182439744.0x000001,f.159r,"8,16,28",Meeting Minutes,
MS 25503,http://access.bl.uk/item/viewer/ark:/81055/vdc_100182439744.0x000001,f.159v,"8,16,28",Meeting Minutes,
MS 25503,http://access.bl.uk/item/viewer/ark:/81055/vdc_100182439744.0x000001,f.160r,"8,16,28",Meeting Minutes,
MS 25503,http://access.bl.uk/item/viewer/ark:/81055/vdc_100182439744.0x000001,f.160v,"8,16,28",Meeting Minutes,
,,,,,
MS 25503,http://access.bl.uk/item/viewer/ark:/81055/vdc_100182439744.0x000001,f.161r,"8,30,28",Meeting Minutes,
MS 25503,http://access.bl.uk/item/viewer/ark:/81055/vdc_100182439744.0x000001,f.161v,"8,30,28",Meeting Minutes,
MS 25503,http://access.bl.uk/item/viewer/ark:/81055/vdc_100182439744.0x000001,f.162r,"8,30,28",Meeting Minutes,
MS 25503,http://access.bl.uk/item/viewer/ark:/81055/vdc_100182439744.0x000001,f.162v,"8,30,28",Meeting Minutes,
,,,,,
MS 25503,http://access.bl.uk/item/viewer/ark:/81055/vdc_100182439744.0x000001,f.163r,"9,6,28",Meeting Minutes,
MS 25503,http://access.bl.uk/item/viewer/ark:/81055/vdc_100182439744.0x000001,f.163v,"9,6,28",Meeting Minutes,
MS 25503,http://access.bl.uk/item/viewer/ark:/81055/vdc_100182439744.0x000001,f.164r,"9,6,28",Meeting Minutes,
,,,,,
MS 25503,http://access.bl.uk/item/viewer/ark:/81055/vdc_100182439744.0x000001,f.164v,"9,13,28",Meeting Minutes,
MS 25503,http://access.bl.uk/item/viewer/ark:/81055/vdc_100182439744.0x000001,f.165r,"9,13,28",Meeting Minutes,
MS 25503,http://access.bl.uk/item/viewer/ark:/81055/vdc_100182439744.0x000001,f.165v,"9,13,28",Meeting Minutes,
,,,,,
MS 25503,http://access.bl.uk/item/viewer/ark:/81055/vdc_100182439744.0x000001,f.166r,"9,20,28",Meeting Minutes,
MS 25503,http://access.bl.uk/item/viewer/ark:/81055/vdc_100182439744.0x000001,f.166v,"9,20,28",Meeting Minutes,
MS 25503,http://access.bl.uk/item/viewer/ark:/81055/vdc_100182439744.0x000001,f.167r,"9,20,28",Meeting Minutes,
MS 25503,http://access.bl.uk/item/viewer/ark:/81055/vdc_100182439744.0x000001,f.167v,"9,20,28",Meeting Minutes,
,,,,,
MS 25503,http://access.bl.uk/item/viewer/ark:/81055/vdc_100182439744.0x000001,f.168r,"9,27,28",Meeting Minutes,
MS 25503,http://access.bl.uk/item/viewer/ark:/81055/vdc_100182439744.0x000001,f.168v,"9,27,28",Meeting Minutes,
MS 25503,http://access.bl.uk/item/viewer/ark:/81055/vdc_100182439744.0x000001,f.169r,"9,27,28",Meeting Minutes,
,,,,,
MS 25503,http://access.bl.uk/item/viewer/ark:/81055/vdc_100182439744.0x000001,f.169v,"10,4,28",Meeting Minutes,
MS 25503,http://access.bl.uk/item/viewer/ark:/81055/vdc_100182439744.0x000001,f.170r,"10,4,28",Meeting Minutes,
MS 25503,http://access.bl.uk/item/viewer/ark:/81055/vdc_100182439744.0x000001,f.170v,"10,4,28",Meeting Minutes,
,,,,,
MS 25503,http://access.bl.uk/item/viewer/ark:/81055/vdc_100182439744.0x000001,f.171r,"10,10,28",Meeting Minutes,
MS 25503,http://access.bl.uk/item/viewer/ark:/81055/vdc_100182439744.0x000001,f.171v,"10,10,28",Meeting Minutes,
MS 25503,http://access.bl.uk/item/viewer/ark:/81055/vdc_100182439744.0x000001,f.172r,"10,10,28",Meeting Minutes,
,,,,,
MS 25503,http://access.bl.uk/item/viewer/ark:/81055/vdc_100182439744.0x000001,f.172v,"10,18,28",Meeting Minutes,
MS 25503,http://access.bl.uk/item/viewer/ark:/81055/vdc_100182439744.0x000001,f.173r,"10,18,28",Meeting Minutes,
MS 25503,http://access.bl.uk/item/viewer/ark:/81055/vdc_100182439744.0x000001,f.173v,"10,18,28",Meeting Minutes,
,,,,,
MS 25503,http://access.bl.uk/item/viewer/ark:/81055/vdc_100182439744.0x000001,f.174r,"10,24,28",Meeting Minutes,
MS 25503,http://access.bl.uk/item/viewer/ark:/81055/vdc_100182439744.0x000001,f.174v,"10,24,28",Meeting Minutes,
MS 25503,http://access.bl.uk/item/viewer/ark:/81055/vdc_100182439744.0x000001,f.175r,"10,24,28",Meeting Minutes,
,,,,,
MS 25503,http://access.bl.uk/item/viewer/ark:/81055/vdc_100182439744.0x000001,f.175v,"11,8,28",Meeting Minutes,
MS 25503,http://access.bl.uk/item/viewer/ark:/81055/vdc_100182439744.0x000001,f.176r,"11,8,28",Meeting Minutes,
MS 25503,http://access.bl.uk/item/viewer/ark:/81055/vdc_100182439744.0x000001,f.176v,"11,8,28",Meeting Minutes,
,,,,,
MS 25503,http://access.bl.uk/item/viewer/ark:/81055/vdc_100182439744.0x000001,f.177r,"11,15,28",Meeting Minutes,
MS 25503,http://access.bl.uk/item/viewer/ark:/81055/vdc_100182439744.0x000001,f.177v,"11,15,28",Meeting Minutes,
MS 25503,http://access.bl.uk/item/viewer/ark:/81055/vdc_100182439744.0x000001,f.178r,"11,15,28",Meeting Minutes,
MS 25503,http://access.bl.uk/item/viewer/ark:/81055/vdc_100182439744.0x000001,f.178v,"11,15,28",Meeting Minutes,
MS 25503,http://access.bl.uk/item/viewer/ark:/81055/vdc_100182439744.0x000001,f.179r,"11,15,28",Meeting Minutes,
,,,,,
MS 25503,http://access.bl.uk/item/viewer/ark:/81055/vdc_100182439744.0x000001,f.179v,"11,22,28",Meeting Minutes,
MS 25503,http://access.bl.uk/item/viewer/ark:/81055/vdc_100182439744.0x000001,f.180r,"11,22,28",Meeting Minutes,
MS 25503,http://access.bl.uk/item/viewer/ark:/81055/vdc_100182439744.0x000001,f.180v,"11,22,28",Meeting Minutes,
MS 25503,http://access.bl.uk/item/viewer/ark:/81055/vdc_100182439744.0x000001,f.181r,"11,22,28",Meeting Minutes,
MS 25503,http://access.bl.uk/item/viewer/ark:/81055/vdc_100182439744.0x000001,f.181v,"11,22,28",Meeting Minutes,
MS 25503,http://access.bl.uk/item/viewer/ark:/81055/vdc_100182439744.0x000001,f.182r,"11,22,28",Meeting Minutes,
,,,,,
MS 25503,http://access.bl.uk/item/viewer/ark:/81055/vdc_100182439744.0x000001,f.182v,"11,29,28",Meeting Minutes,
MS 25503,http://access.bl.uk/item/viewer/ark:/81055/vdc_100182439744.0x000001,f.183r,"11,29,28",Meeting Minutes,
MS 25503,http://access.bl.uk/item/viewer/ark:/81055/vdc_100182439744.0x000001,f.183v,"11,29,28",Meeting Minutes,
MS 25503,http://access.bl.uk/item/viewer/ark:/81055/vdc_100182439744.0x000001,f.184r,"11,29,28",Meeting Minutes,
MS 25503,http://access.bl.uk/item/viewer/ark:/81055/vdc_100182439744.0x000001,f.184v,"11,29,28",Meeting Minutes,
MS 25503,http://access.bl.uk/item/viewer/ark:/81055/vdc_100182439744.0x000001,f.185r,"11,29,28",Meeting Minutes,
,,,,,
MS 25503,http://access.bl.uk/item/viewer/ark:/81055/vdc_100182439744.0x000001,f.185r,"12,6,28",Meeting Minutes,
MS 25503,http://access.bl.uk/item/viewer/ark:/81055/vdc_100182439744.0x000001,f.185v,"12,6,28",Meeting Minutes,
MS 25503,http://access.bl.uk/item/viewer/ark:/81055/vdc_100182439744.0x000001,f.186r,"12,6,28",Meeting Minutes,
MS 25503,http://access.bl.uk/item/viewer/ark:/81055/vdc_100182439744.0x000001,f.186v,"12,6,28",Meeting Minutes,
,,,,,
MS 25503,http://access.bl.uk/item/viewer/ark:/81055/vdc_100182439744.0x000001,f.187r,"12,13,28",Meeting Minutes,
MS 25503,http://access.bl.uk/item/viewer/ark:/81055/vdc_100182439744.0x000001,f.187v,"12,13,28",Meeting Minutes,
MS 25503,http://access.bl.uk/item/viewer/ark:/81055/vdc_100182439744.0x000001,f.188r,"12,13,28",Meeting Minutes,
MS 25503,http://access.bl.uk/item/viewer/ark:/81055/vdc_100182439744.0x000001,f.188v,"12,13,28",Meeting Minutes,
MS 25503,http://access.bl.uk/item/viewer/ark:/81055/vdc_100182439744.0x000001,f.189r,"12,13,28",Meeting Minutes,
MS 25503,http://access.bl.uk/item/viewer/ark:/81055/vdc_100182439744.0x000001,f.189v,"12,13,28",Meeting Minutes,
,,,,,
MS 25503,http://access.bl.uk/item/viewer/ark:/81055/vdc_100182439744.0x000001,f.189v,"12,20,28",Meeting Minutes,
MS 25503,http://access.bl.uk/item/viewer/ark:/81055/vdc_100182439744.0x000001,f.190r,"12,20,28",Meeting Minutes,
MS 25503,http://access.bl.uk/item/viewer/ark:/81055/vdc_100182439744.0x000001,f.190v,"12,20,28",Meeting Minutes,
MS 25503,http://access.bl.uk/item/viewer/ark:/81055/vdc_100182439744.0x000001,f.191r,"12,20,28",Meeting Minutes,
MS 25503,http://access.bl.uk/item/viewer/ark:/81055/vdc_100182439744.0x000001,f.191v,"12,20,28",Meeting Minutes,
MS 25503,http://access.bl.uk/item/viewer/ark:/81055/vdc_100182439744.0x000001,f.192r,"12,20,28",Meeting Minutes,
,,,,,
MS 25503,http://access.bl.uk/item/viewer/ark:/81055/vdc_100182439744.0x000001,f.192r,"1,10,29",Meeting Minutes,
MS 25503,http://access.bl.uk/item/viewer/ark:/81055/vdc_100182439744.0x000001,f.192v,Blank Page,Meeting Minutes,
MS 25503,http://access.bl.uk/item/viewer/ark:/81055/vdc_100182439744.0x000001,f.193r,"1,10,29",Meeting Minutes,
MS 25503,http://access.bl.uk/item/viewer/ark:/81055/vdc_100182439744.0x000001,f.193v,"1,10,29",Meeting Minutes,
,,,,,
MS 25503,http://access.bl.uk/item/viewer/ark:/81055/vdc_100182439744.0x000001,f.194r,"1,17,29",Meeting Minutes,
MS 25503,http://access.bl.uk/item/viewer/ark:/81055/vdc_100182439744.0x000001,f.194v,"1,17,29",Meeting Minutes,
MS 25503,http://access.bl.uk/item/viewer/ark:/81055/vdc_100182439744.0x000001,f.195r,"1,17,29",Meeting Minutes,
MS 25503,http://access.bl.uk/item/viewer/ark:/81055/vdc_100182439744.0x000001,f.195v,"1,17,29",Meeting Minutes,
,,,,,
MS 25503,http://access.bl.uk/item/viewer/ark:/81055/vdc_100182439744.0x000001,f.195v,"1,24,29",Meeting Minutes,
MS 25503,http://access.bl.uk/item/viewer/ark:/81055/vdc_100182439744.0x000001,f.196r,"1,24,29",Meeting Minutes,
MS 25503,http://access.bl.uk/item/viewer/ark:/81055/vdc_100182439744.0x000001,f.196v,"1,24,29",Meeting Minutes,
,,,,,
MS 25503,http://access.bl.uk/item/viewer/ark:/81055/vdc_100182439744.0x000001,f.197r,"1,31,29",Meeting Minutes,
MS 25503,http://access.bl.uk/item/viewer/ark:/81055/vdc_100182439744.0x000001,f.197v,"1,31,29",Meeting Minutes,
MS 25503,http://access.bl.uk/item/viewer/ark:/81055/vdc_100182439744.0x000001,f.198r,"1,31,29",Meeting Minutes,
MS 25503,http://access.bl.uk/item/viewer/ark:/81055/vdc_100182439744.0x000001,f.198v,"1,31,29",Meeting Minutes,
MS 25503,http://access.bl.uk/item/viewer/ark:/81055/vdc_100182439744.0x000001,f.199r,"1,31,29",Meeting Minutes,
,,,,,
MS 25503,http://access.bl.uk/item/viewer/ark:/81055/vdc_100182439744.0x000001,f.199r,"2,7,29",Meeting Minutes,
MS 25503,http://access.bl.uk/item/viewer/ark:/81055/vdc_100182439744.0x000001,f.199v,"2,7,29",Meeting Minutes,
MS 25503,http://access.bl.uk/item/viewer/ark:/81055/vdc_100182439744.0x000001,f.200r,"2,7,29",Meeting Minutes,
MS 25503,http://access.bl.uk/item/viewer/ark:/81055/vdc_100182439744.0x000001,f.200v,"2,7,29",Meeting Minutes,
MS 25503,http://access.bl.uk/item/viewer/ark:/81055/vdc_100182439744.0x000001,f.201r,"2,7,29",Meeting Minutes,
,,,,,
MS 25503,http://access.bl.uk/item/viewer/ark:/81055/vdc_100182439744.0x000001,f.201v,"2,14,29",Meeting Minutes,
MS 25503,http://access.bl.uk/item/viewer/ark:/81055/vdc_100182439744.0x000001,f.202r,"2,14,29",Meeting Minutes,
MS 25503,http://access.bl.uk/item/viewer/ark:/81055/vdc_100182439744.0x000001,f.202v,"2,14,29",Meeting Minutes,
MS 25503,http://access.bl.uk/item/viewer/ark:/81055/vdc_100182439744.0x000001,f.203r,"2,14,29",Meeting Minutes,
MS 25503,http://access.bl.uk/item/viewer/ark:/81055/vdc_100182439744.0x000001,f.203v,"2,14,29",Meeting Minutes,
,,,,,
MS 25503,http://access.bl.uk/item/viewer/ark:/81055/vdc_100182439744.0x000001,f.204r,"2,21,29",Meeting Minutes,
MS 25503,http://access.bl.uk/item/viewer/ark:/81055/vdc_100182439744.0x000001,f.204v,"2,21,29",Meeting Minutes,
MS 25503,http://access.bl.uk/item/viewer/ark:/81055/vdc_100182439744.0x000001,f.205r,"2,21,29",Meeting Minutes,
MS 25503,http://access.bl.uk/item/viewer/ark:/81055/vdc_100182439744.0x000001,f.205v,"2,21,29",Meeting Minutes,
MS 25503,http://access.bl.uk/item/viewer/ark:/81055/vdc_100182439744.0x000001,f.206r,"2,21,29",Meeting Minutes,
,,,,,
MS 25503,http://access.bl.uk/item/viewer/ark:/81055/vdc_100182439744.0x000001,f.206v,"2,28,29",Meeting Minutes,
MS 25503,http://access.bl.uk/item/viewer/ark:/81055/vdc_100182439744.0x000001,f.207r,"2,28,29",Meeting Minutes,
MS 25503,http://access.bl.uk/item/viewer/ark:/81055/vdc_100182439744.0x000001,f.207v,"2,28,29",Meeting Minutes,
MS 25503,http://access.bl.uk/item/viewer/ark:/81055/vdc_100182439744.0x000001,f.208r,"2,28,29",Meeting Minutes,
,,,,,
MS 25503,http://access.bl.uk/item/viewer/ark:/81055/vdc_100182439744.0x000001,f.208v,"3,7,29",Meeting Minutes,
MS 25503,http://access.bl.uk/item/viewer/ark:/81055/vdc_100182439744.0x000001,f.209r,"3,7,29",Meeting Minutes,
MS 25503,http://access.bl.uk/item/viewer/ark:/81055/vdc_100182439744.0x000001,f.209v,"3,7,29",Meeting Minutes,
MS 25503,http://access.bl.uk/item/viewer/ark:/81055/vdc_100182439744.0x000001,f.210r,"3,7,29",Meeting Minutes,
MS 25503,http://access.bl.uk/item/viewer/ark:/81055/vdc_100182439744.0x000001,f.210v,"3,7,29",Meeting Minutes,
,,,,,
MS 25503,http://access.bl.uk/item/viewer/ark:/81055/vdc_100182439744.0x000001,f.210v,"3,11,29",Meeting Minutes,
MS 25503,http://access.bl.uk/item/viewer/ark:/81055/vdc_100182439744.0x000001,f.211r,"3,11,29",Meeting Minutes,
MS 25503,http://access.bl.uk/item/viewer/ark:/81055/vdc_100182439744.0x000001,f.211v,"3,11,29",Meeting Minutes,
MS 25503,http://access.bl.uk/item/viewer/ark:/81055/vdc_100182439744.0x000001,f.212r,"3,11,29",Meeting Minutes,
,,,,,
MS 25503,http://access.bl.uk/item/viewer/ark:/81055/vdc_100182439744.0x000001,f.212r,"3,14,29",Meeting Minutes,
MS 25503,http://access.bl.uk/item/viewer/ark:/81055/vdc_100182439744.0x000001,f.212v,"3,14,29",Meeting Minutes,
MS 25503,http://access.bl.uk/item/viewer/ark:/81055/vdc_100182439744.0x000001,f.213r,"3,14,29",Meeting Minutes,
MS 25503,http://access.bl.uk/item/viewer/ark:/81055/vdc_100182439744.0x000001,f.213v,"3,14,29",Meeting Minutes,
MS 25503,http://access.bl.uk/item/viewer/ark:/81055/vdc_100182439744.0x000001,f.214r,"3,14,29",Meeting Minutes,
MS 25503,http://access.bl.uk/item/viewer/ark:/81055/vdc_100182439744.0x000001,f.214v,"3,14,29",Meeting Minutes,
,,,,,
MS 25503,http://access.bl.uk/item/viewer/ark:/81055/vdc_100182439744.0x000001,f.215r,"3,18,29",Meeting Minutes,
MS 25503,http://access.bl.uk/item/viewer/ark:/81055/vdc_100182439744.0x000001,f.215v,"3,18,29",Meeting Minutes,
MS 25503,http://access.bl.uk/item/viewer/ark:/81055/vdc_100182439744.0x000001,f.216r,"3,18,29",Meeting Minutes,
,,,,,
MS 25503,http://access.bl.uk/item/viewer/ark:/81055/vdc_100182439744.0x000001,f.216v,"3,21,29",Meeting Minutes,
MS 25503,http://access.bl.uk/item/viewer/ark:/81055/vdc_100182439744.0x000001,f.217r,"3,21,29",Meeting Minutes,
MS 25503,http://access.bl.uk/item/viewer/ark:/81055/vdc_100182439744.0x000001,f.217v,"3,21,29",Meeting Minutes,
MS 25503,http://access.bl.uk/item/viewer/ark:/81055/vdc_100182439744.0x000001,f.218r,"3,21,29",Meeting Minutes,
,,,,,
MS 25503,http://access.bl.uk/item/viewer/ark:/81055/vdc_100182439744.0x000001,f.218v,"3,28,29",Meeting Minutes,
MS 25503,http://access.bl.uk/item/viewer/ark:/81055/vdc_100182439744.0x000001,f.219r,"3,28,29",Meeting Minutes,
MS 25503,http://access.bl.uk/item/viewer/ark:/81055/vdc_100182439744.0x000001,f.219v,"3,28,29",Meeting Minutes,
MS 25503,http://access.bl.uk/item/viewer/ark:/81055/vdc_100182439744.0x000001,f.220r,"3,28,29",Meeting Minutes,
MS 25503,http://access.bl.uk/item/viewer/ark:/81055/vdc_100182439744.0x000001,f.220v,"3,28,29",Meeting Minutes,
MS 25503,http://access.bl.uk/item/viewer/ark:/81055/vdc_100182439744.0x000001,f.221r,"3,28,29",Meeting Minutes,
,,,,,
MS 25503,http://access.bl.uk/item/viewer/ark:/81055/vdc_100182439744.0x000001,f.221v,"4,3,29",Meeting Minutes,
MS 25503,http://access.bl.uk/item/viewer/ark:/81055/vdc_100182439744.0x000001,f.222r,"4,3,29",Meeting Minutes,
MS 25503,http://access.bl.uk/item/viewer/ark:/81055/vdc_100182439744.0x000001,f.222v,"4,3,29",Meeting Minutes,
MS 25503,http://access.bl.uk/item/viewer/ark:/81055/vdc_100182439744.0x000001,f.223r,"4,3,29",Meeting Minutes,
MS 25503,http://access.bl.uk/item/viewer/ark:/81055/vdc_100182439744.0x000001,f.223v,"4,3,29",Meeting Minutes,
MS 25503,http://access.bl.uk/item/viewer/ark:/81055/vdc_100182439744.0x000001,f.224r,"4,3,29",Meeting Minutes,
,,,,,
MS 25503,http://access.bl.uk/item/viewer/ark:/81055/vdc_100182439744.0x000001,f.224v,"4,18,29",Meeting Minutes,
MS 25503,http://access.bl.uk/item/viewer/ark:/81055/vdc_100182439744.0x000001,f.225r,"4,18,29",Meeting Minutes,
MS 25503,http://access.bl.uk/item/viewer/ark:/81055/vdc_100182439744.0x000001,f.225v,"4,18,29",Meeting Minutes,
MS 25503,http://access.bl.uk/item/viewer/ark:/81055/vdc_100182439744.0x000001,f.226r,"4,18,29",Meeting Minutes,
MS 25503,http://access.bl.uk/item/viewer/ark:/81055/vdc_100182439744.0x000001,f.226v,"4,18,29",Meeting Minutes,
,,,,,
MS 25503,http://access.bl.uk/item/viewer/ark:/81055/vdc_100182439744.0x000001,f.227r,"4,25,29",Meeting Minutes,
MS 25503,http://access.bl.uk/item/viewer/ark:/81055/vdc_100182439744.0x000001,f.227v,"4,25,29",Meeting Minutes,
MS 25503,http://access.bl.uk/item/viewer/ark:/81055/vdc_100182439744.0x000001,f.228r,"4,25,29",Meeting Minutes,
MS 25503,http://access.bl.uk/item/viewer/ark:/81055/vdc_100182439744.0x000001,f.228v,"4,25,29",Meeting Minutes,
,,,,,
MS 25503,http://access.bl.uk/item/viewer/ark:/81055/vdc_100182439744.0x000001,f.229r,"5,2,29",Meeting Minutes,
MS 25503,http://access.bl.uk/item/viewer/ark:/81055/vdc_100182439744.0x000001,f.229v,"5,2,29",Meeting Minutes,
MS 25503,http://access.bl.uk/item/viewer/ark:/81055/vdc_100182439744.0x000001,f.230r,"5,2,29",Meeting Minutes,
MS 25503,http://access.bl.uk/item/viewer/ark:/81055/vdc_100182439744.0x000001,f.230v,"5,2,29",Meeting Minutes,
,,,,,
MS 25503,http://access.bl.uk/item/viewer/ark:/81055/vdc_100182439744.0x000001,f.231r,"5,9,29",Meeting Minutes,
MS 25503,http://access.bl.uk/item/viewer/ark:/81055/vdc_100182439744.0x000001,f.231v,"5,9,29",Meeting Minutes,
MS 25503,http://access.bl.uk/item/viewer/ark:/81055/vdc_100182439744.0x000001,f.232r,"5,9,29",Meeting Minutes,
MS 25503,http://access.bl.uk/item/viewer/ark:/81055/vdc_100182439744.0x000001,f.232v,"5,9,29",Meeting Minutes,
,,,,,
MS 25503,http://access.bl.uk/item/viewer/ark:/81055/vdc_100182439744.0x000001,f.233r,"5,16,29",Meeting Minutes,
MS 25503,http://access.bl.uk/item/viewer/ark:/81055/vdc_100182439744.0x000001,f.233v,"5,16,29",Meeting Minutes,
MS 25503,http://access.bl.uk/item/viewer/ark:/81055/vdc_100182439744.0x000001,f.234r,"5,16,29",Meeting Minutes,
MS 25503,http://access.bl.uk/item/viewer/ark:/81055/vdc_100182439744.0x000001,f.234v,"5,16,29",Meeting Minutes,
,,,,,
MS 25503,http://access.bl.uk/item/viewer/ark:/81055/vdc_100182439744.0x000001,f.235r,"5,23,29",Meeting Minutes,
MS 25503,http://access.bl.uk/item/viewer/ark:/81055/vdc_100182439744.0x000001,f.235v,"5,23,29",Meeting Minutes,
MS 25503,http://access.bl.uk/item/viewer/ark:/81055/vdc_100182439744.0x000001,f.236r,"5,23,29",Meeting Minutes,
MS 25503,http://access.bl.uk/item/viewer/ark:/81055/vdc_100182439744.0x000001,f.236v,"5,23,29",Meeting Minutes,
,,,,,
MS 25503,http://access.bl.uk/item/viewer/ark:/81055/vdc_100182439744.0x000001,f.237r,"6,6,29",Meeting Minutes,
MS 25503,http://access.bl.uk/item/viewer/ark:/81055/vdc_100182439744.0x000001,f.237v,"6,6,29",Meeting Minutes,
MS 25503,http://access.bl.uk/item/viewer/ark:/81055/vdc_100182439744.0x000001,f.238r,"6,6,29",Meeting Minutes,
MS 25503,http://access.bl.uk/item/viewer/ark:/81055/vdc_100182439744.0x000001,f.238v,"6,6,29",Meeting Minutes,
MS 25503,http://access.bl.uk/item/viewer/ark:/81055/vdc_100182439744.0x000001,f.239r,"6,6,29",Meeting Minutes,
,,,,,
MS 25503,http://access.bl.uk/item/viewer/ark:/81055/vdc_100182439744.0x000001,f.239v,"6,13,29",Meeting Minutes,
MS 25503,http://access.bl.uk/item/viewer/ark:/81055/vdc_100182439744.0x000001,f.240r,"6,13,29",Meeting Minutes,
MS 25503,http://access.bl.uk/item/viewer/ark:/81055/vdc_100182439744.0x000001,f.240v,"6,13,29",Meeting Minutes,
MS 25503,http://access.bl.uk/item/viewer/ark:/81055/vdc_100182439744.0x000001,f.241r,"6,13,29",Meeting Minutes,
,,,,,
MS 25503,http://access.bl.uk/item/viewer/ark:/81055/vdc_100182439744.0x000001,f.241v,"6,20,29",Meeting Minutes,
MS 25503,http://access.bl.uk/item/viewer/ark:/81055/vdc_100182439744.0x000001,f.242r,"6,20,29",Meeting Minutes,
MS 25503,http://access.bl.uk/item/viewer/ark:/81055/vdc_100182439744.0x000001,f.242v,"6,20,29",Meeting Minutes,
MS 25503,http://access.bl.uk/item/viewer/ark:/81055/vdc_100182439744.0x000001,f.243r,"6,20,29",Meeting Minutes,
MS 25503,http://access.bl.uk/item/viewer/ark:/81055/vdc_100182439744.0x000001,f.243v,"6,20,29",Meeting Minutes,
MS 25503,http://access.bl.uk/item/viewer/ark:/81055/vdc_100182439744.0x000001,f.244r,"6,20,29",Meeting Minutes,
MS 25503,http://access.bl.uk/item/viewer/ark:/81055/vdc_100182439744.0x000001,f.244v,"6,20,29",Meeting Minutes,
,,,,,
MS 25503,http://access.bl.uk/item/viewer/ark:/81055/vdc_100182439744.0x000001,f.245r,"6,27,29",Meeting Minutes,
MS 25503,http://access.bl.uk/item/viewer/ark:/81055/vdc_100182439744.0x000001,f.245v,"6,27,29",Meeting Minutes,
MS 25503,http://access.bl.uk/item/viewer/ark:/81055/vdc_100182439744.0x000001,f.246r,"6,27,29",Meeting Minutes,
MS 25503,http://access.bl.uk/item/viewer/ark:/81055/vdc_100182439744.0x000001,f.246v,"6,27,29",Meeting Minutes,
MS 25503,http://access.bl.uk/item/viewer/ark:/81055/vdc_100182439744.0x000001,f.247r,"6,27,29",Meeting Minutes,
,,,,,
MS 25503,http://access.bl.uk/item/viewer/ark:/81055/vdc_100182439744.0x000001,f.247v,"7,4,29",Meeting Minutes,
MS 25503,http://access.bl.uk/item/viewer/ark:/81055/vdc_100182439744.0x000001,f.248r,"7,4,29",Meeting Minutes,
MS 25503,http://access.bl.uk/item/viewer/ark:/81055/vdc_100182439744.0x000001,f.248v,"7,4,29",Meeting Minutes,
MS 25503,http://access.bl.uk/item/viewer/ark:/81055/vdc_100182439744.0x000001,f.249r,"7,4,29",Meeting Minutes,
,,,,,
MS 25503,http://access.bl.uk/item/viewer/ark:/81055/vdc_100182439744.0x000001,f.249r,"7,11,29",Meeting Minutes,
MS 25503,http://access.bl.uk/item/viewer/ark:/81055/vdc_100182439744.0x000001,f.249v,"7,11,29",Meeting Minutes,
MS 25503,http://access.bl.uk/item/viewer/ark:/81055/vdc_100182439744.0x000001,f.250r,"7,11,29",Meeting Minutes,
MS 25503,http://access.bl.uk/item/viewer/ark:/81055/vdc_100182439744.0x000001,f.250v,"7,11,29",Meeting Minutes,
MS 25503,http://access.bl.uk/item/viewer/ark:/81055/vdc_100182439744.0x000001,f.251r,"7,11,29",Meeting Minutes,
MS 25503,http://access.bl.uk/item/viewer/ark:/81055/vdc_100182439744.0x000001,f.251v,"7,11,29",Meeting Minutes,
MS 25503,http://access.bl.uk/item/viewer/ark:/81055/vdc_100182439744.0x000001,f.252r,"7,11,29",Meeting Minutes,
MS 25503,http://access.bl.uk/item/viewer/ark:/81055/vdc_100182439744.0x000001,f.252v,"7,11,29",Meeting Minutes,
,,,,,
MS 25503,http://access.bl.uk/item/viewer/ark:/81055/vdc_100182439744.0x000001,f.252v,"7,18,29",Meeting Minutes,
MS 25503,http://access.bl.uk/item/viewer/ark:/81055/vdc_100182439744.0x000001,f.253r,"7,18,29",Meeting Minutes,
MS 25503,http://access.bl.uk/item/viewer/ark:/81055/vdc_100182439744.0x000001,f.253v,"7,18,29",Meeting Minutes,
MS 25503,http://access.bl.uk/item/viewer/ark:/81055/vdc_100182439744.0x000001,f.254r,"7,18,29",Meeting Minutes,
MS 25503,http://access.bl.uk/item/viewer/ark:/81055/vdc_100182439744.0x000001,f.254v,"7,18,29",Meeting Minutes,
MS 25503,http://access.bl.uk/item/viewer/ark:/81055/vdc_100182439744.0x000001,f.255r,"7,18,29",Meeting Minutes,
MS 25503,http://access.bl.uk/item/viewer/ark:/81055/vdc_100182439744.0x000001,f.255v,"7,18,29",Meeting Minutes,
MS 25503,http://access.bl.uk/item/viewer/ark:/81055/vdc_100182439744.0x000001,f.256r,"7,18,29",Meeting Minutes,
,,,,,
MS 25503,http://access.bl.uk/item/viewer/ark:/81055/vdc_100182439744.0x000001,f.256r,"7,25,29",Meeting Minutes,
MS 25503,http://access.bl.uk/item/viewer/ark:/81055/vdc_100182439744.0x000001,f.256v,"7,25,29",Meeting Minutes,
MS 25503,http://access.bl.uk/item/viewer/ark:/81055/vdc_100182439744.0x000001,f.257r,"7,25,29",Meeting Minutes,
MS 25503,http://access.bl.uk/item/viewer/ark:/81055/vdc_100182439744.0x000001,f.257v,"7,25,29",Meeting Minutes,
MS 25503,http://access.bl.uk/item/viewer/ark:/81055/vdc_100182439744.0x000001,f.258r,"7,25,29",Meeting Minutes,
MS 25503,http://access.bl.uk/item/viewer/ark:/81055/vdc_100182439744.0x000001,f.258v,"7,25,29",Meeting Minutes,
,,,,,
MS 25503,http://access.bl.uk/item/viewer/ark:/81055/vdc_100182439744.0x000001,f.259r,"8,1,29",Meeting Minutes,
MS 25503,http://access.bl.uk/item/viewer/ark:/81055/vdc_100182439744.0x000001,f.259v,"8,1,29",Meeting Minutes,
MS 25503,http://access.bl.uk/item/viewer/ark:/81055/vdc_100182439744.0x000001,f.260r,"8,1,29",Meeting Minutes,
MS 25503,http://access.bl.uk/item/viewer/ark:/81055/vdc_100182439744.0x000001,f.260v,"8,1,29",Meeting Minutes,
,,,,,
MS 25503,http://access.bl.uk/item/viewer/ark:/81055/vdc_100182439744.0x000001,f.261r,"8,22,29",Meeting Minutes,
MS 25503,http://access.bl.uk/item/viewer/ark:/81055/vdc_100182439744.0x000001,f.261v,"8,22,29",Meeting Minutes,
MS 25503,http://access.bl.uk/item/viewer/ark:/81055/vdc_100182439744.0x000001,f.262r,"8,22,29",Meeting Minutes,
,,,,,
MS 25503,http://access.bl.uk/item/viewer/ark:/81055/vdc_100182439744.0x000001,f.262v,"9,5,29",Meeting Minutes,
MS 25503,http://access.bl.uk/item/viewer/ark:/81055/vdc_100182439744.0x000001,f.263r,"9,5,29",Meeting Minutes,
MS 25503,http://access.bl.uk/item/viewer/ark:/81055/vdc_100182439744.0x000001,f.263v,"9,5,29",Meeting Minutes,
MS 25503,http://access.bl.uk/item/viewer/ark:/81055/vdc_100182439744.0x000001,f.264r,"9,5,29",Meeting Minutes,
,,,,,
MS 25503,http://access.bl.uk/item/viewer/ark:/81055/vdc_100182439744.0x000001,f.264r,"9,12,29",Meeting Minutes,
MS 25503,http://access.bl.uk/item/viewer/ark:/81055/vdc_100182439744.0x000001,f.264v,"9,12,29",Meeting Minutes,
MS 25503,http://access.bl.uk/item/viewer/ark:/81055/vdc_100182439744.0x000001,f.265r,"9,12,29",Meeting Minutes,
,,,,,
MS 25503,http://access.bl.uk/item/viewer/ark:/81055/vdc_100182439744.0x000001,f.265r,"9,19,29",Meeting Minutes,
MS 25503,http://access.bl.uk/item/viewer/ark:/81055/vdc_100182439744.0x000001,f.265v,"9,19,29",Meeting Minutes,
MS 25503,http://access.bl.uk/item/viewer/ark:/81055/vdc_100182439744.0x000001,f.266r,"9,19,29",Meeting Minutes,
,,,,,
MS 25503,http://access.bl.uk/item/viewer/ark:/81055/vdc_100182439744.0x000001,f.266v,"9,26,29",Meeting Minutes,
MS 25503,http://access.bl.uk/item/viewer/ark:/81055/vdc_100182439744.0x000001,f.267r,"9,26,29",Meeting Minutes,
,,,,,
MS 25503,http://access.bl.uk/item/viewer/ark:/81055/vdc_100182439744.0x000001,f.267v,"10,3,29",Meeting Minutes,
MS 25503,http://access.bl.uk/item/viewer/ark:/81055/vdc_100182439744.0x000001,f.268r,"10,3,29",Meeting Minutes,
MS 25503,http://access.bl.uk/item/viewer/ark:/81055/vdc_100182439744.0x000001,f.268v,"10,3,29",Meeting Minutes,
,,,,,
MS 25503,http://access.bl.uk/item/viewer/ark:/81055/vdc_100182439744.0x000001,f.269r,"10,10,29",Meeting Minutes,
MS 25503,http://access.bl.uk/item/viewer/ark:/81055/vdc_100182439744.0x000001,f.269v,"10,10,29",Meeting Minutes,
,,,,,
MS 25503,http://access.bl.uk/item/viewer/ark:/81055/vdc_100182439744.0x000001,f.270r,"10,17,29",Meeting Minutes,
MS 25503,http://access.bl.uk/item/viewer/ark:/81055/vdc_100182439744.0x000001,f.270v,"10,17,29",Meeting Minutes,
MS 25503,http://access.bl.uk/item/viewer/ark:/81055/vdc_100182439744.0x000001,f.271r,"10,17,29",Meeting Minutes,
MS 25503,http://access.bl.uk/item/viewer/ark:/81055/vdc_100182439744.0x000001,f.271v,"10,17,29",Meeting Minutes,
,,,,,
MS 25503,http://access.bl.uk/item/viewer/ark:/81055/vdc_100182439744.0x000001,f.271v,"10,24,29",Meeting Minutes,
MS 25503,http://access.bl.uk/item/viewer/ark:/81055/vdc_100182439744.0x000001,f.272r,"10,24,29",Meeting Minutes,
MS 25503,http://access.bl.uk/item/viewer/ark:/81055/vdc_100182439744.0x000001,f.272v,"10,24,29",Meeting Minutes,
,,,,,
MS 25503,http://access.bl.uk/item/viewer/ark:/81055/vdc_100182439744.0x000001,f.272v,"10,31,29",Meeting Minutes,
MS 25503,http://access.bl.uk/item/viewer/ark:/81055/vdc_100182439744.0x000001,f.273r,"10,31,29",Meeting Minutes,
MS 25503,http://access.bl.uk/item/viewer/ark:/81055/vdc_100182439744.0x000001,f.273v,"10,31,29",Meeting Minutes,
,,,,,
MS 25503,http://access.bl.uk/item/viewer/ark:/81055/vdc_100182439744.0x000001,f.274r,"11,7,29",Meeting Minutes,
MS 25503,http://access.bl.uk/item/viewer/ark:/81055/vdc_100182439744.0x000001,f.274v,"11,7,29",Meeting Minutes,
MS 25503,http://access.bl.uk/item/viewer/ark:/81055/vdc_100182439744.0x000001,f.275r,"11,7,29",Meeting Minutes,
,,,,,
MS 25503,http://access.bl.uk/item/viewer/ark:/81055/vdc_100182439744.0x000001,f.275v,"11,14,29",Meeting Minutes,
MS 25503,http://access.bl.uk/item/viewer/ark:/81055/vdc_100182439744.0x000001,f.276r,"11,14,29",Meeting Minutes,
MS 25503,http://access.bl.uk/item/viewer/ark:/81055/vdc_100182439744.0x000001,f.276v,"11,14,29",Meeting Minutes,
MS 25503,http://access.bl.uk/item/viewer/ark:/81055/vdc_100182439744.0x000001,f.277r,"11,14,29",Meeting Minutes,
MS 25503,http://access.bl.uk/item/viewer/ark:/81055/vdc_100182439744.0x000001,f.277v,"11,14,29",Meeting Minutes,
MS 25503,http://access.bl.uk/item/viewer/ark:/81055/vdc_100182439744.0x000001,f.287r,"11,14,29",Meeting Minutes,
,,,,,
MS 25503,http://access.bl.uk/item/viewer/ark:/81055/vdc_100182439744.0x000001,f.278v,"11,21,29",Meeting Minutes,
MS 25503,http://access.bl.uk/item/viewer/ark:/81055/vdc_100182439744.0x000001,f.279r,"11,21,29",Meeting Minutes,
MS 25503,http://access.bl.uk/item/viewer/ark:/81055/vdc_100182439744.0x000001,f.279v,"11,21,29",Meeting Minutes,
MS 25503,http://access.bl.uk/item/viewer/ark:/81055/vdc_100182439744.0x000001,f.280r,"11,21,29",Meeting Minutes,
MS 25503,http://access.bl.uk/item/viewer/ark:/81055/vdc_100182439744.0x000001,f.280v,"11,21,29",Meeting Minutes,
,,,,,
MS 25503,http://access.bl.uk/item/viewer/ark:/81055/vdc_100182439744.0x000001,f.281r,"1,28,29",Meeting Minutes,
MS 25503,http://access.bl.uk/item/viewer/ark:/81055/vdc_100182439744.0x000001,f.281v,"1,28,29",Meeting Minutes,
MS 25503,http://access.bl.uk/item/viewer/ark:/81055/vdc_100182439744.0x000001,f.282r,"1,28,29",Meeting Minutes,
MS 25503,http://access.bl.uk/item/viewer/ark:/81055/vdc_100182439744.0x000001,f.282v,"1,28,29",Meeting Minutes,
MS 25503,http://access.bl.uk/item/viewer/ark:/81055/vdc_100182439744.0x000001,f.283r,"1,28,29",Meeting Minutes,
,,,,,
MS 25503,http://access.bl.uk/item/viewer/ark:/81055/vdc_100182439744.0x000001,f.283v,"12,5,29",Meeting Minutes,
MS 25503,http://access.bl.uk/item/viewer/ark:/81055/vdc_100182439744.0x000001,f.284r,"12,5,29",Meeting Minutes,
MS 25503,http://access.bl.uk/item/viewer/ark:/81055/vdc_100182439744.0x000001,f.284v,"12,5,29",Meeting Minutes,
MS 25503,http://access.bl.uk/item/viewer/ark:/81055/vdc_100182439744.0x000001,f.285r,"12,5,29",Meeting Minutes,
MS 25503,http://access.bl.uk/item/viewer/ark:/81055/vdc_100182439744.0x000001,f.285v,"12,5,29",Meeting Minutes,
,,,,,
MS 25503,http://access.bl.uk/item/viewer/ark:/81055/vdc_100182439744.0x000001,f.285v,"12,12,29",Meeting Minutes,
MS 25503,http://access.bl.uk/item/viewer/ark:/81055/vdc_100182439744.0x000001,f.286r,"12,12,29",Meeting Minutes,
MS 25503,http://access.bl.uk/item/viewer/ark:/81055/vdc_100182439744.0x000001,f.286v,"12,12,29",Meeting Minutes,
MS 25503,http://access.bl.uk/item/viewer/ark:/81055/vdc_100182439744.0x000001,f.287r,"12,12,29",Meeting Minutes,
MS 25503,http://access.bl.uk/item/viewer/ark:/81055/vdc_100182439744.0x000001,f.287v,"12,12,29",Meeting Minutes,
MS 25503,http://access.bl.uk/item/viewer/ark:/81055/vdc_100182439744.0x000001,f.288r,"12,12,29",Meeting Minutes,
MS 25503,http://access.bl.uk/item/viewer/ark:/81055/vdc_100182439744.0x000001,f.288v,"12,12,29",Meeting Minutes,
MS 25503,http://access.bl.uk/item/viewer/ark:/81055/vdc_100182439744.0x000001,f.289r,"12,12,29",Meeting Minutes,
MS 25503,http://access.bl.uk/item/viewer/ark:/81055/vdc_100182439744.0x000001,f.289v,"12,12,29",Meeting Minutes,
,,,,,
MS 25503,http://access.bl.uk/item/viewer/ark:/81055/vdc_100182439744.0x000001,f.289v,"12,18,29",Meeting Minutes,
MS 25503,http://access.bl.uk/item/viewer/ark:/81055/vdc_100182439744.0x000001,f.290r,"12,18,29",Meeting Minutes,
MS 25503,http://access.bl.uk/item/viewer/ark:/81055/vdc_100182439744.0x000001,f.290v,"12,18,29",Meeting Minutes,
MS 25503,http://access.bl.uk/item/viewer/ark:/81055/vdc_100182439744.0x000001,f.291r,"12,18,29",Meeting Minutes,
MS 25503,http://access.bl.uk/item/viewer/ark:/81055/vdc_100182439744.0x000001,f.291v,"12,18,29",Meeting Minutes,
MS 25503,http://access.bl.uk/item/viewer/ark:/81055/vdc_100182439744.0x000001,f.292r,"12,18,29",Meeting Minutes,
,,,,,
MS 25503,http://access.bl.uk/item/viewer/ark:/81055/vdc_100182439744.0x000001,f.292v,"12,19,29",Meeting Minutes,
MS 25503,http://access.bl.uk/item/viewer/ark:/81055/vdc_100182439744.0x000001,f.293r,"12,19,29",Meeting Minutes,
MS 25503,http://access.bl.uk/item/viewer/ark:/81055/vdc_100182439744.0x000001,f.293v,"12,19,29",Meeting Minutes,
MS 25503,http://access.bl.uk/item/viewer/ark:/81055/vdc_100182439744.0x000001,f.294r,"12,19,29",Meeting Minutes,
MS 25503,http://access.bl.uk/item/viewer/ark:/81055/vdc_100182439744.0x000001,f.294v,"12,19,29",Meeting Minutes,
,,,,,
MS 25503,http://access.bl.uk/item/viewer/ark:/81055/vdc_100182439744.0x000001,f.295r,"12,24,29",Meeting Minutes,
MS 25503,http://access.bl.uk/item/viewer/ark:/81055/vdc_100182439744.0x000001,f.295v,"12,24,29",Meeting Minutes,
MS 25503,http://access.bl.uk/item/viewer/ark:/81055/vdc_100182439744.0x000001,f.296r,"12,24,29",Meeting Minutes,
MS 25503,http://access.bl.uk/item/viewer/ark:/81055/vdc_100182439744.0x000001,f.296v,"12,24,29",Meeting Minutes,
,,,,,
MS 25503,http://access.bl.uk/item/viewer/ark:/81055/vdc_100182439744.0x000001,f.297r,"12,26,29",Meeting Minutes,
MS 25503,http://access.bl.uk/item/viewer/ark:/81055/vdc_100182439744.0x000001,f.297v,"12,26,29",Meeting Minutes,
MS 25503,http://access.bl.uk/item/viewer/ark:/81055/vdc_100182439744.0x000001,f.298r,"12,26,29",Meeting Minutes,
,,,,,
MS 25503,http://access.bl.uk/item/viewer/ark:/81055/vdc_100182439744.0x000001,f.298v,"1,9,30",Meeting Minutes,
MS 25503,http://access.bl.uk/item/viewer/ark:/81055/vdc_100182439744.0x000001,f.299r,"1,9,30",Meeting Minutes,
MS 25503,http://access.bl.uk/item/viewer/ark:/81055/vdc_100182439744.0x000001,f.299v,"1,9,30",Meeting Minutes,
MS 25503,http://access.bl.uk/item/viewer/ark:/81055/vdc_100182439744.0x000001,f.300r,"1,9,30",Meeting Minutes,
MS 25503,http://access.bl.uk/item/viewer/ark:/81055/vdc_100182439744.0x000001,f.300v,"1,9,30",Meeting Minutes,
,,,,,
MS 25503,http://access.bl.uk/item/viewer/ark:/81055/vdc_100182439744.0x000001,f.300v,"1,16,30",Meeting Minutes,
MS 25503,http://access.bl.uk/item/viewer/ark:/81055/vdc_100182439744.0x000001,f.301r,"1,16,30",Meeting Minutes,
MS 25503,http://access.bl.uk/item/viewer/ark:/81055/vdc_100182439744.0x000001,f.301v,"1,16,30",Meeting Minutes,
MS 25503,http://access.bl.uk/item/viewer/ark:/81055/vdc_100182439744.0x000001,f.302r,"1,16,30",Meeting Minutes,
,,,,,
MS 25503,http://access.bl.uk/item/viewer/ark:/81055/vdc_100182439744.0x000001,f.302v,"1,23,30",Meeting Minutes,
MS 25503,http://access.bl.uk/item/viewer/ark:/81055/vdc_100182439744.0x000001,f.303r,"1,23,30",Meeting Minutes,
MS 25503,http://access.bl.uk/item/viewer/ark:/81055/vdc_100182439744.0x000001,f.303v,"1,23,30",Meeting Minutes,
MS 25503,http://access.bl.uk/item/viewer/ark:/81055/vdc_100182439744.0x000001,f.304r,"1,23,30",Meeting Minutes,
,,,,,
MS 25503,http://access.bl.uk/item/viewer/ark:/81055/vdc_100182439744.0x000001,f.304v,"1,29,30",Meeting Minutes,
MS 25503,http://access.bl.uk/item/viewer/ark:/81055/vdc_100182439744.0x000001,f.305r,"1,29,30",Meeting Minutes,
MS 25503,http://access.bl.uk/item/viewer/ark:/81055/vdc_100182439744.0x000001,f.305v,"1,29,30",Meeting Minutes,