VOYAGEID,OWNERA,CAPTAINA,CAPTAINB,CAPTAINC,,,,,,,,,,,,,,,,,,,,,,,,,,,,,,
135096,Haskins,Haskins,,,,,,,,,,,,,,,,,,,,,,,,,,,,,,,,
135097,"Gale, L.H.","Wallington, F.",,,,,,,,,,,,,,,,,,,,,,,,,,,,,,,,
135098,"Breedlove, J.W.","Brown, Jeremiah",,,,,,,,,,,,,,,,,,,,,,,,,,,,,,,,
135099,"Lewis, Nathaniel","Lewis, Nathaniel",,,,,,,,,,,,,,,,,,,,,,,,,,,,,,,,
135100,P.S. Newton & Co.,"Ashby, Frederick B.",,,,,,,,,,,,,,,,,,,,,,,,,,,,,,,,
135101,Tupper & Brett,"Lewis, Nathaniel",,,,,,,,,,,,,,,,,,,,,,,,,,,,,,,,
135102,"Breedlove, J.W.","Hutton, Benjamin N.L.",,,,,,,,,,,,,,,,,,,,,,,,,,,,,,,,
135103,"Gale, Levi H.","Fuller, Sam",,,,,,,,,,,,,,,,,,,,,,,,,,,,,,,,
135104,"Phelps, P.B.","Rowland, John G.",,,,,,,,,,,,,,,,,,,,,,,,,,,,,,,,
135105,"Penny, P.B.","Burdick, George",,,,,,,,,,,,,,,,,,,,,,,,,,,,,,,,
135106,Fuller,"Fuller, Sam",,,,,,,,,,,,,,,,,,,,,,,,,,,,,,,,
135107,"Gale, Levi H.","Fuller, Sam",,,,,,,,,,,,,,,,,,,,,,,,,,,,,,,,
135108,"Penny, P.B.","Douglass, Leonard A.",,,,,,,,,,,,,,,,,,,,,,,,,,,,,,,,
135109,"Thompson, Samuel","Hammett, J.B.",,,,,,,,,,,,,,,,,,,,,,,,,,,,,,,,
135110,"Bryan, William",Hendly,,,,,,,,,,,,,,,,,,,,,,,,,,,,,,,,
135111,James Reed & Co.,"Wright, John T.",,,,,,,,,,,,,,,,,,,,,,,,,,,,,,,,
135112,"Bryan, W.","Gaylord, W.R.",,,,,,,,,,,,,,,,,,,,,,,,,,,,,,,,
135113,James Reed & Co.,"Wright, John T.",,,,,,,,,,,,,,,,,,,,,,,,,,,,,,,,
135114,Crawford & Vernoofft,Moore,Fergusson,,,,,,,,,,,,,,,,,,,,,,,,,,,,,,,
135115,"Bryan, W.","Kellar, Walter J.",,,,,,,,,,,,,,,,,,,,,,,,,,,,,,,,
135116,"Bryan, W.","Hendley, J.J.",,,,,,,,,,,,,,,,,,,,,,,,,,,,,,,,
135117,James Reed & Co.,"Wright, John T.",,,,,,,,,,,,,,,,,,,,,,,,,,,,,,,,
135118,Smith,"Smith, J.N.",,,,,,,,,,,,,,,,,,,,,,,,,,,,,,,,
135119,James Reed & Co.,"Wright, John T.",,,,,,,,,,,,,,,,,,,,,,,,,,,,,,,,
135120,"Bryan, William","Clark, S.W.",,,,,,,,,,,,,,,,,,,,,,,,,,,,,,,,
135121,James Reed & Co.,"Wright, John T.",,,,,,,,,,,,,,,,,,,,,,,,,,,,,,,,
135122,James Reed & Co.,"Moore, Andrew",,,,,,,,,,,,,,,,,,,,,,,,,,,,,,,,
135123,Bogert & Hawthorn,"Carson, Joseph B.",,,,,,,,,,,,,,,,,,,,,,,,,,,,,,,,
135124,Bogert & Hawthorn,"Carson, Joseph B.",,,,,,,,,,,,,,,,,,,,,,,,,,,,,,,,
135125,James Reed & Co.,"Moore, Andrew",,,,,,,,,,,,,,,,,,,,,,,,,,,,,,,,
135126,"Bryan, William","Auld, Edward",,,,,,,,,,,,,,,,,,,,,,,,,,,,,,,,
135127,James Reed & Co.,"Moore, Andrew",,,,,,,,,,,,,,,,,,,,,,,,,,,,,,,,
135128,James Reed & Co.,Wade,"Moore, Andrew",,,,,,,,,,,,,,,,,,,,,,,,,,,,,,,
135129,"Bedford, George","Long, W.",,,,,,,,,,,,,,,,,,,,,,,,,,,,,,,,
135130,James Reed & Co.,Wade,,,,,,,,,,,,,,,,,,,,,,,,,,,,,,,,
135131,Bogert & Hawthorn,"Carson, Joseph B.",,,,,,,,,,,,,,,,,,,,,,,,,,,,,,,,
135132,James Reed & Co.,Wade,,,,,,,,,,,,,,,,,,,,,,,,,,,,,,,,
135133,Bogert & Hawthorn,"Carson, Joseph B.",,,,,,,,,,,,,,,,,,,,,,,,,,,,,,,,
135134,"Toby, T.","Longcope, William",,,,,,,,,,,,,,,,,,,,,,,,,,,,,,,,
135135,James Reed & Co.,"Wade, John",,,,,,,,,,,,,,,,,,,,,,,,,,,,,,,,
135136,Bogert & Hawthorn,"Carson, Joseph B.",,,,,,,,,,,,,,,,,,,,,,,,,,,,,,,,
135137,"Dobbin, L.",Sterrit,Hewett,,,,,,,,,,,,,,,,,,,,,,,,,,,,,,,
135138,Bogert & Hawthorn,"Carson, Joseph B.",,,,,,,,,,,,,,,,,,,,,,,,,,,,,,,,
135139,Bogert & Hawthorn,"Carson, Joseph B.",,,,,,,,,,,,,,,,,,,,,,,,,,,,,,,,
135140,"Bryan, William","Neagle, John",,,,,,,,,,,,,,,,,,,,,,,,,,,,,,,,
135141,Bogert & Hawthorn,"Carson, Joseph B.",,,,,,,,,,,,,,,,,,,,,,,,,,,,,,,,
135142,Smith & Voorhees,Windle,"Wade, John",,,,,,,,,,,,,,,,,,,,,,,,,,,,,,,
135143,Bogert & Hawthorn,"Carson, Joseph B.",,,,,,,,,,,,,,,,,,,,,,,,,,,,,,,,
135144,Bogert & Hawthorn,"Carson, Joseph B.",,,,,,,,,,,,,,,,,,,,,,,,,,,,,,,,
135145,Smith & Voorhees,"Windle, Henry",,,,,,,,,,,,,,,,,,,,,,,,,,,,,,,,
135146,"Bryan, W.","Kelly, William",,,,,,,,,,,,,,,,,,,,,,,,,,,,,,,,
135147,Smith & Voorhees,"Windle, Henry",,,,,,,,,,,,,,,,,,,,,,,,,,,,,,,,
135148,Smith & Voorhees,"Windle, Henry",,,,,,,,,,,,,,,,,,,,,,,,,,,,,,,,
135149,James Reed & Co.,"Pennoyer, James",,,,,,,,,,,,,,,,,,,,,,,,,,,,,,,,
135150,Smith & Voorhees,"Windle, Henry",,,,,,,,,,,,,,,,,,,,,,,,,,,,,,,,
135151,Bogert & Hawthorn,"Wright, John T.",,,,,,,,,,,,,,,,,,,,,,,,,,,,,,,,
135152,"Reed, James","Pennoyer, James",,,,,,,,,,,,,,,,,,,,,,,,,,,,,,,,
135153,"Pearsall, H.B.","Pearsall, H.B.",,,,,,,,,,,,,,,,,,,,,,,,,,,,,,,,
135154,Martin,"Martin, David",,,,,,,,,,,,,,,,,,,,,,,,,,,,,,,,
135155,Smith & Voorhees,"Windle, Henry",,,,,,,,,,,,,,,,,,,,,,,,,,,,,,,,
135156,"Pennoyer, James","Pennoyer, James",,,,,,,,,,,,,,,,,,,,,,,,,,,,,,,,
135157,Smith & Voorhees,"Windle, Henry",,,,,,,,,,,,,,,,,,,,,,,,,,,,,,,,
135158,"Bryan, Austin & Co.","Grant, James S.",,,,,,,,,,,,,,,,,,,,,,,,,,,,,,,,
135159,Palmer & Spearing,"Auld, Edward",,,,,,,,,,,,,,,,,,,,,,,,,,,,,,,,
135160,"Reed, James","Pennoyer, James",,,,,,,,,,,,,,,,,,,,,,,,,,,,,,,,
135161,Bogert & Hawthorn,"Wright, John T.",,,,,,,,,,,,,,,,,,,,,,,,,,,,,,,,
135162,Miller,Miller,,,,,,,,,,,,,,,,,,,,,,,,,,,,,,,,
135163,Smith & Voorhees,"Windle, Henry",,,,,,,,,,,,,,,,,,,,,,,,,,,,,,,,
135164,"Reed, James","Pennoyer, James",,,,,,,,,,,,,,,,,,,,,,,,,,,,,,,,
135165,Smith & Voorhees,"Windle, Henry",,,,,,,,,,,,,,,,,,,,,,,,,,,,,,,,
135166,"Reed, James","Pennoyer, James",,,,,,,,,,,,,,,,,,,,,,,,,,,,,,,,
135167,Bogert & Hawthorn,"Wright, John T.",,,,,,,,,,,,,,,,,,,,,,,,,,,,,,,,
135168,"Dobbin, L.",Collins,"Winch, James",,,,,,,,,,,,,,,,,,,,,,,,,,,,,,,
135169,Smith & Voorhees,"Windle, Henry",,,,,,,,,,,,,,,,,,,,,,,,,,,,,,,,
135170,"Farmer, John","Auld, Edward",,,,,,,,,,,,,,,,,,,,,,,,,,,,,,,,
135171,"Reed, James","Pennoyer, James",,,,,,,,,,,,,,,,,,,,,,,,,,,,,,,,
135172,"Bryan, Austin & Co.","Tucker, J.B.",,,,,,,,,,,,,,,,,,,,,,,,,,,,,,,,
135173,Bogert & Hawthorn,"Wright, John T.",,,,,,,,,,,,,,,,,,,,,,,,,,,,,,,,
135174,Smith & Voorhees,"Windle, Henry",,,,,,,,,,,,,,,,,,,,,,,,,,,,,,,,
135175,Bogert & Hawthorn,"Wright, John T.",,,,,,,,,,,,,,,,,,,,,,,,,,,,,,,,
135176,Smith & Voorhees,"Windle, Henry",,,,,,,,,,,,,,,,,,,,,,,,,,,,,,,,
135177,"Farmer, John","Auld, Edward",,,,,,,,,,,,,,,,,,,,,,,,,,,,,,,,
135178,Smith & Voorhees,"Windle, Henry",,,,,,,,,,,,,,,,,,,,,,,,,,,,,,,,
135179,"Bryan, Austin & Co.","Brooksfield, J.S.",,,,,,,,,,,,,,,,,,,,,,,,,,,,,,,,
135180,Bogert & Hawthorn,"Wright, John T.",,,,,,,,,,,,,,,,,,,,,,,,,,,,,,,,
135181,Bogert & Hawthorn,"Wright, John T.",,,,,,,,,,,,,,,,,,,,,,,,,,,,,,,,
135182,Bogert & Hawthorn,"Wright, John T.",,,,,,,,,,,,,,,,,,,,,,,,,,,,,,,,
135183,"Reed, James","Rollins, William",,,,,,,,,,,,,,,,,,,,,,,,,,,,,,,,
135184,Bogert & Hawthorn,"Wright, John T.",,,,,,,,,,,,,,,,,,,,,,,,,,,,,,,,
135185,Bogert & Hawthorn,"Wade, John",,,,,,,,,,,,,,,,,,,,,,,,,,,,,,,,
135186,"Reed, James","Rollins, William",,,,,,,,,,,,,,,,,,,,,,,,,,,,,,,,
135187,"Bryan, Austin & Co.","Wade, John",,,,,,,,,,,,,,,,,,,,,,,,,,,,,,,,
135188,"Reed, James","Rollins, William",,,,,,,,,,,,,,,,,,,,,,,,,,,,,,,,
135189,"Reed, James","Rollins, William",,,,,,,,,,,,,,,,,,,,,,,,,,,,,,,,
135190,"Bryan, Austin & Co.","Wright, John T.",,,,,,,,,,,,,,,,,,,,,,,,,,,,,,,,
135191,"Bryan, Austin & Co.","Wade, John",,,,,,,,,,,,,,,,,,,,,,,,,,,,,,,,
135192,"Bryan, Austin & Co.","Wright, John T.",,,,,,,,,,,,,,,,,,,,,,,,,,,,,,,,
135193,"Bryan, Austin & Co.","Wade, John",,,,,,,,,,,,,,,,,,,,,,,,,,,,,,,,
135194,"Reed, James","Rollins, William",,,,,,,,,,,,,,,,,,,,,,,,,,,,,,,,
135195,"Bryan, Austin & Co.","Wright, John T.",,,,,,,,,,,,,,,,,,,,,,,,,,,,,,,,
135196,"Bryan, Austin & Co.","Wade, John",,,,,,,,,,,,,,,,,,,,,,,,,,,,,,,,
135197,"Bryan, Austin & Co.","Wade, John",,,,,,,,,,,,,,,,,,,,,,,,,,,,,,,,
135198,"Bryan, Austin & Co.","Wade, John",,,,,,,,,,,,,,,,,,,,,,,,,,,,,,,,
135199,"Curtis, C.L.","Boylan, J.D.",,,,,,,,,,,,,,,,,,,,,,,,,,,,,,,,
135200,"Bryan, Austin & Co.","Wright, John T.",,,,,,,,,,,,,,,,,,,,,,,,,,,,,,,,
135201,"Bryan, Austin & Co.","Wright, John T.",,,,,,,,,,,,,,,,,,,,,,,,,,,,,,,,
135202,"Bryan, Austin & Co.","Wright, John T.",,,,,,,,,,,,,,,,,,,,,,,,,,,,,,,,
135203,"Reed, James","Rollins, William",,,,,,,,,,,,,,,,,,,,,,,,,,,,,,,,
135204,Bogert & Hawthorn,"Wright, John T.",,,,,,,,,,,,,,,,,,,,,,,,,,,,,,,,
135205,"Reed, James","Rollins, William",,,,,,,,,,,,,,,,,,,,,,,,,,,,,,,,
135206,"Reed, James","Rollins, William",,,,,,,,,,,,,,,,,,,,,,,,,,,,,,,,
135207,Hawthorn & Woods,"Wright, John T.",,,,,,,,,,,,,,,,,,,,,,,,,,,,,,,,
135208,"Reed, James","Rollins, William",,,,,,,,,,,,,,,,,,,,,,,,,,,,,,,,
135209,Hawthorn & Woods,"Wright, John T.",,,,,,,,,,,,,,,,,,,,,,,,,,,,,,,,
135210,Hawthorn & Woods,"Wright, John T.",,,,,,,,,,,,,,,,,,,,,,,,,,,,,,,,
135211,Hawthorn & Woods,"Wright, John T.",,,,,,,,,,,,,,,,,,,,,,,,,,,,,,,,
135212,Hawthorn & Woods,"Wright, John T.",,,,,,,,,,,,,,,,,,,,,,,,,,,,,,,,
135213,Hawthorn & Woods,"Wright, John T.",,,,,,,,,,,,,,,,,,,,,,,,,,,,,,,,
135214,"Dobbin, L.",Auld,,,,,,,,,,,,,,,,,,,,,,,,,,,,,,,,
135215,"Reed, James","Rollins, William",,,,,,,,,,,,,,,,,,,,,,,,,,,,,,,,
135216,Hawthorn & Woods,"Wright, John T.",,,,,,,,,,,,,,,,,,,,,,,,,,,,,,,,
135217,Hawthorn & Woods,"Wright, John T.",,,,,,,,,,,,,,,,,,,,,,,,,,,,,,,,
135218,,"Boylan, J.D.",,,,,,,,,,,,,,,,,,,,,,,,,,,,,,,,
135219,Boylan,"Boylan, J.D.",,,,,,,,,,,,,,,,,,,,,,,,,,,,,,,,
135220,"Reed, James","Rollins, William",,,,,,,,,,,,,,,,,,,,,,,,,,,,,,,,
135221,"Reed, James","Rollins, William",,,,,,,,,,,,,,,,,,,,,,,,,,,,,,,,
135222,Hawthorn & Woods,"Wright, John T.",,,,,,,,,,,,,,,,,,,,,,,,,,,,,,,,
135223,"Reed, James","Rollins, William",,,,,,,,,,,,,,,,,,,,,,,,,,,,,,,,
135224,"Reed, James","Rollins, William",,,,,,,,,,,,,,,,,,,,,,,,,,,,,,,,
135225,Hawthorn & Woods,"Wright, John T.",,,,,,,,,,,,,,,,,,,,,,,,,,,,,,,,
135226,"Reed, James","Rollins, William",,,,,,,,,,,,,,,,,,,,,,,,,,,,,,,,
135227,"Reed, James","Rollins, William",,,,,,,,,,,,,,,,,,,,,,,,,,,,,,,,
135228,Hawthorn & Woods,"Wright, John T.",,,,,,,,,,,,,,,,,,,,,,,,,,,,,,,,
135229,"Reed, James","Rollins, William",,,,,,,,,,,,,,,,,,,,,,,,,,,,,,,,
135230,Hawthorn & Woods,"Wright, John T.",,,,,,,,,,,,,,,,,,,,,,,,,,,,,,,,
135231,"Reed, James","Rollins, William",,,,,,,,,,,,,,,,,,,,,,,,,,,,,,,,
135232,"Reed, James","Rollins, William",,,,,,,,,,,,,,,,,,,,,,,,,,,,,,,,
135233,"Dobbin, L.","Hawkins, Barnabas",,,,,,,,,,,,,,,,,,,,,,,,,,,,,,,,
135234,"Reed, James","Rollins, William",,,,,,,,,,,,,,,,,,,,,,,,,,,,,,,,
135235,Hawthorn & Woods,"Wright, John T.",,,,,,,,,,,,,,,,,,,,,,,,,,,,,,,,
135236,"Reed, James","Rollins, William",,,,,,,,,,,,,,,,,,,,,,,,,,,,,,,,
135237,Hawthorn & Woods,"Wright, John T.",,,,,,,,,,,,,,,,,,,,,,,,,,,,,,,,
135238,"Reed, James","Rollins, William",,,,,,,,,,,,,,,,,,,,,,,,,,,,,,,,
135239,"Jones, R.","Jones, R.",,,,,,,,,,,,,,,,,,,,,,,,,,,,,,,,
135240,"Reed, James","Rollins, William",,,,,,,,,,,,,,,,,,,,,,,,,,,,,,,,
135241,"Rollins, William","Rollins, William",,,,,,,,,,,,,,,,,,,,,,,,,,,,,,,,
135242,Hawthorn & Woods,"Wright, John T.",,,,,,,,,,,,,,,,,,,,,,,,,,,,,,,,
135243,"Reed, James","Rollins, William","Windle, Henry",,,,,,,,,,,,,,,,,,,,,,,,,,,,,,,
135244,"Merie, Beylle & Co.",Falvel,Faher,,,,,,,,,,,,,,,,,,,,,,,,,,,,,,,
135245,"Reed, James","Rollins, William",,,,,,,,,,,,,,,,,,,,,,,,,,,,,,,,
135246,Hawthorn & Woods,"Wright, John T.",,,,,,,,,,,,,,,,,,,,,,,,,,,,,,,,
135247,"Reed, James","Rollins, William",,,,,,,,,,,,,,,,,,,,,,,,,,,,,,,,
135248,Hawthorn & Woods,"Wright, John T.",,,,,,,,,,,,,,,,,,,,,,,,,,,,,,,,
135249,"Reed, James","Rollins, William",,,,,,,,,,,,,,,,,,,,,,,,,,,,,,,,
135250,"Wright, John T.","Wright, John T.",,,,,,,,,,,,,,,,,,,,,,,,,,,,,,,,
135251,"Reed, James","Rollins, William","Lathrop, J.T.K.",,,,,,,,,,,,,,,,,,,,,,,,,,,,,,,
135252,"Wright, John T.","Wright, John T.",,,,,,,,,,,,,,,,,,,,,,,,,,,,,,,,
135253,"Reed, James","Lathrop, J.T.K.",,,,,,,,,,,,,,,,,,,,,,,,,,,,,,,,
135254,"Reed, James","Rollins, William",,,,,,,,,,,,,,,,,,,,,,,,,,,,,,,,
135255,HAwthorn & Woods,"Wright, John T.",,,,,,,,,,,,,,,,,,,,,,,,,,,,,,,,
135256,"Merie, Beylle & Co.","Talbot, William H.",Falvel,,,,,,,,,,,,,,,,,,,,,,,,,,,,,,,
135257,Hawthorn & Woods,"Wright, John T.",,,,,,,,,,,,,,,,,,,,,,,,,,,,,,,,
135258,Hawthorn & Woods,"Wright, John T.",,,,,,,,,,,,,,,,,,,,,,,,,,,,,,,,
135259,A. Kearny & Co.,Ayers,Merrihew,,,,,,,,,,,,,,,,,,,,,,,,,,,,,,,
135260,"Williams, Whitman & Co.","Crane, John R.",,,,,,,,,,,,,,,,,,,,,,,,,,,,,,,,
135261,"Merie, Beylle & Co.","Jaques, H.B.",,,,,,,,,,,,,,,,,,,,,,,,,,,,,,,,
135262,Hawthorn & Woods,"Wright, John T.",,,,,,,,,,,,,,,,,,,,,,,,,,,,,,,,
135263,"Dobbin, L.","Moore, Enoch",,,,,,,,,,,,,,,,,,,,,,,,,,,,,,,,
135264,"Dobbin, L.","Dobbin, H.R.",,,,,,,,,,,,,,,,,,,,,,,,,,,,,,,,
135265,Hawthorn & Woods,"Wright, John T.",,,,,,,,,,,,,,,,,,,,,,,,,,,,,,,,
135266,"Dobbin, L.","Moore, Enoch",,,,,,,,,,,,,,,,,,,,,,,,,,,,,,,,
135267,"Dobbin, L.","Place, Henry",,,,,,,,,,,,,,,,,,,,,,,,,,,,,,,,
135268,Hawthorn & Woods,"Wright, John T.",,,,,,,,,,,,,,,,,,,,,,,,,,,,,,,,
135269,"Dobbin, L.","Lewis, S.B.",Peck,,,,,,,,,,,,,,,,,,,,,,,,,,,,,,,
135270,Barelli & Co.,"Talbot, William H.",,,,,,,,,,,,,,,,,,,,,,,,,,,,,,,,
135271,"Dobbin, L.","Lewis, S.B.",,,,,,,,,,,,,,,,,,,,,,,,,,,,,,,,
135272,Hawthorn & Woods,"Wright, John T.",,,,,,,,,,,,,,,,,,,,,,,,,,,,,,,,
135273,"Dobbin, L.","Place, Henry",,,,,,,,,,,,,,,,,,,,,,,,,,,,,,,,
135274,J.A. Barelli & Co.,"Talbot, William H.",,,,,,,,,,,,,,,,,,,,,,,,,,,,,,,,
135275,Hawthorn & Woods,"Wright, John T.",,,,,,,,,,,,,,,,,,,,,,,,,,,,,,,,
135276,E.J. Hart & Co,Page,,,,,,,,,,,,,,,,,,,,,,,,,,,,,,,,
135277,E.J. Hart & Co,"Lewis, S.B.",,,,,,,,,,,,,,,,,,,,,,,,,,,,,,,,
135278,Hawthorn & Woods,"Wright, John T.",,,,,,,,,,,,,,,,,,,,,,,,,,,,,,,,
135279,Barelli & Co.,"Talbot, William H.",,,,,,,,,,,,,,,,,,,,,,,,,,,,,,,,
135280,"Alexander, John",Smith,,,,,,,,,,,,,,,,,,,,,,,,,,,,,,,,
135281,Hawthorn & Woods,"Wright, John T.",,,,,,,,,,,,,,,,,,,,,,,,,,,,,,,,
135282,Hawthorn & Woods,"Wright, John T.",,,,,,,,,,,,,,,,,,,,,,,,,,,,,,,,
135283,E.J. Hart & Co,"Phillips, J.D.",,,,,,,,,,,,,,,,,,,,,,,,,,,,,,,,
135284,"Merie, Beylle & Co.","Windle, Henry",,,,,,,,,,,,,,,,,,,,,,,,,,,,,,,,
135285,Grice,"Grice, W.A.",,,,,,,,,,,,,,,,,,,,,,,,,,,,,,,,
135286,E.J. Hart & Co,"Phillips, J.D.",,,,,,,,,,,,,,,,,,,,,,,,,,,,,,,,
135287,E.J. Hart & Co,"Phillips, J.D.",,,,,,,,,,,,,,,,,,,,,,,,,,,,,,,,
135288,"Merie, Beylle & Co.","Windle, Henry",,,,,,,,,,,,,,,,,,,,,,,,,,,,,,,,
135289,Baer & Fox,"Goodspeed, George M.",,,,,,,,,,,,,,,,,,,,,,,,,,,,,,,,
135290,Hawthorn & Woods,"Phillips, John D.",,,,,,,,,,,,,,,,,,,,,,,,,,,,,,,,
135291,"Alexander, John",Griffin,,,,,,,,,,,,,,,,,,,,,,,,,,,,,,,,
135292,"Merie, Beylle & Co.","Windle, Henry",,,,,,,,,,,,,,,,,,,,,,,,,,,,,,,,
135293,Hawthorn & Woods,"Wright, John T.",,,,,,,,,,,,,,,,,,,,,,,,,,,,,,,,
135294,Hawthorn & Woods,"Phillips, John D.",,,,,,,,,,,,,,,,,,,,,,,,,,,,,,,,
135295,E.J. Hart & Co.,"Lewis, S.B.",,,,,,,,,,,,,,,,,,,,,,,,,,,,,,,,
135296,Hawthorn & Woods,"Wright, John T.",,,,,,,,,,,,,,,,,,,,,,,,,,,,,,,,
135297,"Bedford, C.",Saunders,,,,,,,,,,,,,,,,,,,,,,,,,,,,,,,,
135298,"Merie, Beylle & Co.","Windle, Henry",,,,,,,,,,,,,,,,,,,,,,,,,,,,,,,,
135299,Hawthorn & Woods,"Phillips, John D.",,,,,,,,,,,,,,,,,,,,,,,,,,,,,,,,
135300,Connolly & Wilson,"Trainor, John",,,,,,,,,,,,,,,,,,,,,,,,,,,,,,,,
135301,Hawthorn & Woods,"Wright, John T.",,,,,,,,,,,,,,,,,,,,,,,,,,,,,,,,
135302,"Main, Willis","Main, Willis",,,,,,,,,,,,,,,,,,,,,,,,,,,,,,,,
135303,"Merie, Beylle & Co.","Windle, Henry",,,,,,,,,,,,,,,,,,,,,,,,,,,,,,,,
135304,Hawthorn & Woods,"Wright, John T.",,,,,,,,,,,,,,,,,,,,,,,,,,,,,,,,
135305,"Merie, Beylle & Co.","Windle, Henry",,,,,,,,,,,,,,,,,,,,,,,,,,,,,,,,
135306,Hawthorn & Woods,"Phillips, John D.",,,,,,,,,,,,,,,,,,,,,,,,,,,,,,,,
135307,Atwell,Atwell,,,,,,,,,,,,,,,,,,,,,,,,,,,,,,,,
135308,Hawthorn & Woods,"Wright, John T.",,,,,,,,,,,,,,,,,,,,,,,,,,,,,,,,
135309,"Dobbin, L.","Matson, J.",,,,,,,,,,,,,,,,,,,,,,,,,,,,,,,,
135310,"Merie, Beylle & Co.","Windle, Henry",,,,,,,,,,,,,,,,,,,,,,,,,,,,,,,,
135311,Hawthorn & Woods,"Phillips, John D.",,,,,,,,,,,,,,,,,,,,,,,,,,,,,,,,
135312,Hawthorn & Woods,"Wright, John T.",,,,,,,,,,,,,,,,,,,,,,,,,,,,,,,,
135313,"Merie, Beylle & Co.","Windle, Henry",,,,,,,,,,,,,,,,,,,,,,,,,,,,,,,,
135314,Hawthorn & Woods,"Phillips, John D.",,,,,,,,,,,,,,,,,,,,,,,,,,,,,,,,
135315,"Wood, L.C.","Wood, L.C.",,,,,,,,,,,,,,,,,,,,,,,,,,,,,,,,
135316,Hawthorn & Woods,"Wright, John T.",,,,,,,,,,,,,,,,,,,,,,,,,,,,,,,,
135317,"Merie, Beylle & Co.","Windle, Henry",,,,,,,,,,,,,,,,,,,,,,,,,,,,,,,,
135318,Hawthorn & Woods,"Phillips, John D.","Wright, John T.",,,,,,,,,,,,,,,,,,,,,,,,,,,,,,,
135319,Hawthorn & Woods,"Wright, John T.",,,,,,,,,,,,,,,,,,,,,,,,,,,,,,,,
135320,"Merie, Beylle & Co.","Windle, Henry",,,,,,,,,,,,,,,,,,,,,,,,,,,,,,,,
135321,Hawthorn & Woods,"Phillips, John D.",,,,,,,,,,,,,,,,,,,,,,,,,,,,,,,,
135322,Hawthorn & Woods,"Wright, John T.",,,,,,,,,,,,,,,,,,,,,,,,,,,,,,,,
135323,Hawthorn & Woods,"Phillips, John D.",,,,,,,,,,,,,,,,,,,,,,,,,,,,,,,,
135324,"Merie, Beylle & Co.","Windle, Henry",,,,,,,,,,,,,,,,,,,,,,,,,,,,,,,,
135325,Hawthorn & Woods,"Wright, John T.",,,,,,,,,,,,,,,,,,,,,,,,,,,,,,,,
135326,Hawthorn & Woods,"Phillips, John D.",,,,,,,,,,,,,,,,,,,,,,,,,,,,,,,,
135327,"Merie, Beylle & Co.","Windle, Henry",,,,,,,,,,,,,,,,,,,,,,,,,,,,,,,,
135328,Hawthorn & Woods,"Wright, John T.",,,,,,,,,,,,,,,,,,,,,,,,,,,,,,,,
135329,"Merie, Beylle & Co.","Windle, Henry",,,,,,,,,,,,,,,,,,,,,,,,,,,,,,,,
135330,"Merie, Beylle & Co.","Windle, Henry",,,,,,,,,,,,,,,,,,,,,,,,,,,,,,,,
135331,"Alexander, J.","Mitchell, J.G.",,,,,,,,,,,,,,,,,,,,,,,,,,,,,,,,
135332,Hawthorn & Woods,"Phillips, John D.",,,,,,,,,,,,,,,,,,,,,,,,,,,,,,,,
135333,E. Rochereau & Co.,"Windle, Henry",,,,,,,,,,,,,,,,,,,,,,,,,,,,,,,,
135334,Hawthorn & Woods,"Phillips, John D.",,,,,,,,,,,,,,,,,,,,,,,,,,,,,,,,
135335,E. Rochereau & Co.,"Windle, Henry",,,,,,,,,,,,,,,,,,,,,,,,,,,,,,,,
135336,Frisbee,"Frisbee, R.",,,,,,,,,,,,,,,,,,,,,,,,,,,,,,,,
135337,J.P. Whitney & Co.,"Johnson, W.",,,,,,,,,,,,,,,,,,,,,,,,,,,,,,,,
135338,Hawthorn & Woods,"Phillips, John D.",,,,,,,,,,,,,,,,,,,,,,,,,,,,,,,,
135339,E. Rochereau & Co.,"Windle, Henry",,,,,,,,,,,,,,,,,,,,,,,,,,,,,,,,
135340,Hawthorn & Woods,"Wright, John T.",,,,,,,,,,,,,,,,,,,,,,,,,,,,,,,,
135341,Bridge & Bro.,"Darling, James",,,,,,,,,,,,,,,,,,,,,,,,,,,,,,,,
135342,E. Rochereau & Co.,"Thompson, John S.",,,,,,,,,,,,,,,,,,,,,,,,,,,,,,,,
135343,Hawthorn & Woods,"Wright, John T.",,,,,,,,,,,,,,,,,,,,,,,,,,,,,,,,
135344,"Thomas, Edmund","Thomas, Edmund",,,,,,,,,,,,,,,,,,,,,,,,,,,,,,,,
135345,Hawthorn & Woods,"Wright, John T.",,,,,,,,,,,,,,,,,,,,,,,,,,,,,,,,
135346,E. Rochereau & Co.,"Windle, Henry",,,,,,,,,,,,,,,,,,,,,,,,,,,,,,,,
135347,Burgess,"Burgess, A.C.",,,,,,,,,,,,,,,,,,,,,,,,,,,,,,,,
135348,Hawthorn & Woods,"Phillips, John D.",,,,,,,,,,,,,,,,,,,,,,,,,,,,,,,,
135349,"Bedford, C.","Elderkin, George",,,,,,,,,,,,,,,,,,,,,,,,,,,,,,,,
135350,E.J. Hart & Co,"Fonrose, John",,,,,,,,,,,,,,,,,,,,,,,,,,,,,,,,
135351,Hawthorn & Woods,"Wright, John T.",,,,,,,,,,,,,,,,,,,,,,,,,,,,,,,,
135352,Bridge & Bro.,"Stevens, Leonard",,,,,,,,,,,,,,,,,,,,,,,,,,,,,,,,
135353,C. Bedford & Co.,"Murphy, J.H.",,,,,,,,,,,,,,,,,,,,,,,,,,,,,,,,
135354,Marsh & Ranlett,"Lewis, S.B.",,,,,,,,,,,,,,,,,,,,,,,,,,,,,,,,
135355,"Dobbin, L.","Heald, George",,,,,,,,,,,,,,,,,,,,,,,,,,,,,,,,
135356,Hawthorn & Woods,"Haviland, James E.",Wright,,,,,,,,,,,,,,,,,,,,,,,,,,,,,,,
135357,Marsh & Ranlett,Smith,,,,,,,,,,,,,,,,,,,,,,,,,,,,,,,,
135358,Hawthorn & Woods,"Haviland, James E.",,,,,,,,,,,,,,,,,,,,,,,,,,,,,,,,
135359,C. Bedford & Co.,"Porter, Asa",,,,,,,,,,,,,,,,,,,,,,,,,,,,,,,,
135360,Marsh & Ranlett,Smith,,,,,,,,,,,,,,,,,,,,,,,,,,,,,,,,
135361,C. Bedford & Co.,Clarke,,,,,,,,,,,,,,,,,,,,,,,,,,,,,,,,
135362,Hawthorn & Woods,"Haviland, James E.",,,,,,,,,,,,,,,,,,,,,,,,,,,,,,,,
135363,Marsh & Ranlett,"Smith, Jeremiah",,,,,,,,,,,,,,,,,,,,,,,,,,,,,,,,
135364,"Wickham, O.","Talbot, William H.",,,,,,,,,,,,,,,,,,,,,,,,,,,,,,,,
135365,Hawthorn & Woods,"Haviland, James E.",,,,,,,,,,,,,,,,,,,,,,,,,,,,,,,,
135366,"Kelsey, D.S.","Kelsey, D.S.",,,,,,,,,,,,,,,,,,,,,,,,,,,,,,,,
135367,Graham,"Graham, William",,,,,,,,,,,,,,,,,,,,,,,,,,,,,,,,
135368,"Wickham, O.","Phillips, James D.",,,,,,,,,,,,,,,,,,,,,,,,,,,,,,,,
135369,Hawthorn & Woods,"Haviland, James E.",,,,,,,,,,,,,,,,,,,,,,,,,,,,,,,,
135370,"Wickham, O.","Leach, William",,,,,,,,,,,,,,,,,,,,,,,,,,,,,,,,
135371,Hawthorn & Woods,"Haviland, James E.",,,,,,,,,,,,,,,,,,,,,,,,,,,,,,,,
135372,Marsh & Ranlett,"Smith, Jeremiah",,,,,,,,,,,,,,,,,,,,,,,,,,,,,,,,
135373,Hawthorn & Woods,"Haviland, James E.",,,,,,,,,,,,,,,,,,,,,,,,,,,,,,,,
135374,"Thompson, James E.","Thompson, James E.",,,,,,,,,,,,,,,,,,,,,,,,,,,,,,,,
135375,Hawthorn & Woods,"Haviland, James E.",,,,,,,,,,,,,,,,,,,,,,,,,,,,,,,,
135376,Hawthorn & Woods,"Smith, Jeremiah",,,,,,,,,,,,,,,,,,,,,,,,,,,,,,,,
135377,"Cochran, A.","Brower, John D.",,,,,,,,,,,,,,,,,,,,,,,,,,,,,,,,
135378,Hawthorn & Woods,"Gates, G.",,,,,,,,,,,,,,,,,,,,,,,,,,,,,,,,
135379,Andrews & Dewey,"Lawless, James",,,,,,,,,,,,,,,,,,,,,,,,,,,,,,,,
135380,E.J. Hart & Co.,"Thompson, James E.",,,,,,,,,,,,,,,,,,,,,,,,,,,,,,,,
135381,"Hartt, H.G.",Butler,,,,,,,,,,,,,,,,,,,,,,,,,,,,,,,,
135382,Andrews & Dewey,"Lawless, James",,,,,,,,,,,,,,,,,,,,,,,,,,,,,,,,
135383,"Wickham, O.","Hall, W.",Heald,,,,,,,,,,,,,,,,,,,,,,,,,,,,,,,
135384,Barelli & Co.,"Coates, R.S.",,,,,,,,,,,,,,,,,,,,,,,,,,,,,,,,
135385,Hawthorn & Woods,"Crane, John R.",,,,,,,,,,,,,,,,,,,,,,,,,,,,,,,,
135386,Andrews & Dewey,"Pittfield, O.U.",,,,,,,,,,,,,,,,,,,,,,,,,,,,,,,,
135387,Hawthorn & Woods,"Crane, John R.",,,,,,,,,,,,,,,,,,,,,,,,,,,,,,,,
135388,Hawthorn & Woods,"Haviland, James E.",,,,,,,,,,,,,,,,,,,,,,,,,,,,,,,,
135389,Hawthorn & Woods,"Crane, John R.",,,,,,,,,,,,,,,,,,,,,,,,,,,,,,,,
135390,Coats,"Coats, R.S.",,,,,,,,,,,,,,,,,,,,,,,,,,,,,,,,
135391,Hawthorn & Woods,"Haviland, James E.",,,,,,,,,,,,,,,,,,,,,,,,,,,,,,,,
135392,Drees,"Drees, A.H.",,,,,,,,,,,,,,,,,,,,,,,,,,,,,,,,
135393,Hawthorn & Woods,"Crane, John R.",,,,,,,,,,,,,,,,,,,,,,,,,,,,,,,,
135394,Hawthorn & Woods,"Crane, John R.",,,,,,,,,,,,,,,,,,,,,,,,,,,,,,,,
135395,Hawthorn & Woods,"Crane, John R.",,,,,,,,,,,,,,,,,,,,,,,,,,,,,,,,
135396,Peter & Vansickle,"Crane, John R.",,,,,,,,,,,,,,,,,,,,,,,,,,,,,,,,
135397,A. Kearny & Co.,"Warfield, C.A.",,,,,,,,,,,,,,,,,,,,,,,,,,,,,,,,
135398,Hawthorn & Woods,"Crane, John R.",,,,,,,,,,,,,,,,,,,,,,,,,,,,,,,,
135399,Hammond,"Hammond, J.N.",,,,,,,,,,,,,,,,,,,,,,,,,,,,,,,,
135400,Hawthorn & Woods,"Crane, John R.",,,,,,,,,,,,,,,,,,,,,,,,,,,,,,,,
135401,J.P. Whitney & Co.,"Swiler, James Jr.",,,,,,,,,,,,,,,,,,,,,,,,,,,,,,,,
135402,Hawthorn & Woods,"Crane, John R.",,,,,,,,,,,,,,,,,,,,,,,,,,,,,,,,
135403,Hawthorn & Woods,"Crane, John R.",,,,,,,,,,,,,,,,,,,,,,,,,,,,,,,,
135404,J.P. Whitney & Co.,Burnes,,,,,,,,,,,,,,,,,,,,,,,,,,,,,,,,
135405,"Wickham, O.","Porter, Asa",,,,,,,,,,,,,,,,,,,,,,,,,,,,,,,,
135406,Hawthorn & Woods,"Haviland, James E.",,,,,,,,,,,,,,,,,,,,,,,,,,,,,,,,
135407,Hawthorn & Woods,"Haviland, James E.",,,,,,,,,,,,,,,,,,,,,,,,,,,,,,,,
135408,"Wickham, O.","Hall, W.",Heald,,,,,,,,,,,,,,,,,,,,,,,,,,,,,,,
135409,Hawthorn & Woods,"Crane, John R.",,,,,,,,,,,,,,,,,,,,,,,,,,,,,,,,
135410,Hawthorn & Woods,"Crane, John R.",,,,,,,,,,,,,,,,,,,,,,,,,,,,,,,,
135411,Hawthorn & Woods,"Smith, Jeremiah",,,,,,,,,,,,,,,,,,,,,,,,,,,,,,,,
135412,"Alexander, John","Dennis, George E.",,,,,,,,,,,,,,,,,,,,,,,,,,,,,,,,
135413,Hawthorn & Woods,"Smith, Jeremiah",,,,,,,,,,,,,,,,,,,,,,,,,,,,,,,,
135414,Hawthorn & Woods,"Crane, John R.",,,,,,,,,,,,,,,,,,,,,,,,,,,,,,,,
135415,Hawthorn & Woods,"Smith, Jeremiah",,,,,,,,,,,,,,,,,,,,,,,,,,,,,,,,
135416,"Wickham, O.","Tucker, J.B.",,,,,,,,,,,,,,,,,,,,,,,,,,,,,,,,
135417,Hawthorn & Woods,"Haviland, James E.","Daswell, J.E.",,,,,,,,,,,,,,,,,,,,,,,,,,,,,,,
135418,Hawthorn & Woods,"Crane, John R.",,,,,,,,,,,,,,,,,,,,,,,,,,,,,,,,
135419,Hawthorn & Woods,"Smith, Jeremiah",,,,,,,,,,,,,,,,,,,,,,,,,,,,,,,,
135420,Hawthorn & Woods,"Haviland, James E.",,,,,,,,,,,,,,,,,,,,,,,,,,,,,,,,
135421,Harrison & Morgan,"Crane, John R.",,,,,,,,,,,,,,,,,,,,,,,,,,,,,,,,
135422,Harrison & Morgan,"Smith, Jeremiah",,,,,,,,,,,,,,,,,,,,,,,,,,,,,,,,
135423,Harris & Morgan,"Smith, Jeremiah",,,,,,,,,,,,,,,,,,,,,,,,,,,,,,,,
135424,"Wickham, O.",Rodfish,,,,,,,,,,,,,,,,,,,,,,,,,,,,,,,,
135425,Harris & Morgan,"Wilson, Henry",,,,,,,,,,,,,,,,,,,,,,,,,,,,,,,,
135426,Brower,"Brower, John D.",,,,,,,,,,,,,,,,,,,,,,,,,,,,,,,,
135427,Harris & Morgan,"Wilson, Henry",,,,,,,,,,,,,,,,,,,,,,,,,,,,,,,,
135428,"Wickham, O.","Heald, George",,,,,,,,,,,,,,,,,,,,,,,,,,,,,,,,
135429,Harris & Morgan,"Moncrieff, James",,,,,,,,,,,,,,,,,,,,,,,,,,,,,,,,
135430,Harris & Morgan,"Moncrieff, James",,,,,,,,,,,,,,,,,,,,,,,,,,,,,,,,
135431,J.H. Blood & Co.,"Mue, J.S.",Uril,,,,,,,,,,,,,,,,,,,,,,,,,,,,,,,
135432,"Dobbin, L.","Hoffman, John J.",,,,,,,,,,,,,,,,,,,,,,,,,,,,,,,,
135433,Harris & Morgan,"Moncrieff, James",,,,,,,,,,,,,,,,,,,,,,,,,,,,,,,,
135434,Harris & Morgan,"Moncrieff, James",,,,,,,,,,,,,,,,,,,,,,,,,,,,,,,,
135435,Harris & Morgan,"Wilson, Henry",,,,,,,,,,,,,,,,,,,,,,,,,,,,,,,,
135436,"Blossman, R.D.","Miller, C.H.",,,,,,,,,,,,,,,,,,,,,,,,,,,,,,,,
135437,"Wickham, O.","Heald, George",,,,,,,,,,,,,,,,,,,,,,,,,,,,,,,,
135438,Harris & Morgan,"Place, Henry",,,,,,,,,,,,,,,,,,,,,,,,,,,,,,,,
135439,Harris & Morgan,"Smith, Jeremiah",,,,,,,,,,,,,,,,,,,,,,,,,,,,,,,,
135440,Harris & Morgan,"Place, Henry",,,,,,,,,,,,,,,,,,,,,,,,,,,,,,,,
135441,Harris & Morgan,"Smith, Jeremiah",,,,,,,,,,,,,,,,,,,,,,,,,,,,,,,,
135442,Harris & Morgan,"Place, Henry",,,,,,,,,,,,,,,,,,,,,,,,,,,,,,,,
135443,"Wickham, O.","Heald, George",,,,,,,,,,,,,,,,,,,,,,,,,,,,,,,,
135444,Harris & Morgan,"Crane, John R.",,,,,,,,,,,,,,,,,,,,,,,,,,,,,,,,
135445,Harris & Morgan,"Smith, Jeremiah",,,,,,,,,,,,,,,,,,,,,,,,,,,,,,,,
135446,Harris & Morgan,"Crane, John R.",,,,,,,,,,,,,,,,,,,,,,,,,,,,,,,,
135447,Harris & Morgan,"Crane, John R.",,,,,,,,,,,,,,,,,,,,,,,,,,,,,,,,
135448,Bentinger,"Brentley, W.",,,,,,,,,,,,,,,,,,,,,,,,,,,,,,,,
135449,Harris & Morgan,"Smith, Jeremiah",,,,,,,,,,,,,,,,,,,,,,,,,,,,,,,,
135450,Harris & Morgan,"Crane, John R.",,,,,,,,,,,,,,,,,,,,,,,,,,,,,,,,
135451,Wilson,"Wilson, Henry",,,,,,,,,,,,,,,,,,,,,,,,,,,,,,,,
135452,Harris & Morgan,"Place, Henry",,,,,,,,,,,,,,,,,,,,,,,,,,,,,,,,
135453,Harris & Morgan,"Place, Henry","Boehner, H.E.",,,,,,,,,,,,,,,,,,,,,,,,,,,,,,,
135454,Harris & Morgan,"Smith, Jeremiah",,,,,,,,,,,,,,,,,,,,,,,,,,,,,,,,
135455,Harris & Morgan,"Smith, Jeremiah",,,,,,,,,,,,,,,,,,,,,,,,,,,,,,,,
135456,Harris & Morgan,"Place, Henry",,,,,,,,,,,,,,,,,,,,,,,,,,,,,,,,
135457,Harris & Morgan,"Boehner, H.E.",,,,,,,,,,,,,,,,,,,,,,,,,,,,,,,,
135458,Harris & Morgan,"Place, Henry",,,,,,,,,,,,,,,,,,,,,,,,,,,,,,,,
135459,Harris & Morgan,"Smith, Jeremiah",,,,,,,,,,,,,,,,,,,,,,,,,,,,,,,,
135460,"Wickham, O.","Taber, T.W.",Taylor,,,,,,,,,,,,,,,,,,,,,,,,,,,,,,,
135461,Harris & Morgan,"Place, Henry",,,,,,,,,,,,,,,,,,,,,,,,,,,,,,,,
135462,Harris & Morgan,"Place, Henry",,,,,,,,,,,,,,,,,,,,,,,,,,,,,,,,
135463,Harris & Morgan,"Smith, Jeremiah",,,,,,,,,,,,,,,,,,,,,,,,,,,,,,,,
135464,Harris & Morgan,"Place, Henry","Crane, John R.",,,,,,,,,,,,,,,,,,,,,,,,,,,,,,,
135465,Harris & Morgan,"Smith, Jeremiah",,,,,,,,,,,,,,,,,,,,,,,,,,,,,,,,
135466,Harris & Morgan,"Place, Henry",,,,,,,,,,,,,,,,,,,,,,,,,,,,,,,,
135467,Harris & Morgan,"Smith, Jeremiah",,,,,,,,,,,,,,,,,,,,,,,,,,,,,,,,
135468,Harris & Morgan,"Place, Henry",,,,,,,,,,,,,,,,,,,,,,,,,,,,,,,,
135469,Harris & Morgan,"Smith, Jeremiah",,,,,,,,,,,,,,,,,,,,,,,,,,,,,,,,
135470,Harris & Morgan,"Place, Henry",,,,,,,,,,,,,,,,,,,,,,,,,,,,,,,,
135471,Harris & Morgan,"Smith, Jeremiah",,,,,,,,,,,,,,,,,,,,,,,,,,,,,,,,
135472,Harris & Morgan,"Place, Henry",,,,,,,,,,,,,,,,,,,,,,,,,,,,,,,,
135473,Harris & Morgan,"Boehner, H.E.",,,,,,,,,,,,,,,,,,,,,,,,,,,,,,,,
135474,Harris & Morgan,"Smith, Jeremiah",,,,,,,,,,,,,,,,,,,,,,,,,,,,,,,,
135475,Harris & Morgan,"Place, Henry",,,,,,,,,,,,,,,,,,,,,,,,,,,,,,,,
135476,Harris & Morgan,"Smith, Jeremiah",,,,,,,,,,,,,,,,,,,,,,,,,,,,,,,,
135477,Harris & Morgan,"Place, Henry",,,,,,,,,,,,,,,,,,,,,,,,,,,,,,,,
135478,Harris & Morgan,"Smith, Jeremiah",,,,,,,,,,,,,,,,,,,,,,,,,,,,,,,,
135479,Harris & Morgan,"Boehner, H.E.",,,,,,,,,,,,,,,,,,,,,,,,,,,,,,,,
135480,Harris & Morgan,"Smith, Jeremiah",,,,,,,,,,,,,,,,,,,,,,,,,,,,,,,,
135481,Harris & Morgan,"Talbot, William H.",,,,,,,,,,,,,,,,,,,,,,,,,,,,,,,,
135482,Harris & Morgan,"Smith, Jeremiah",,,,,,,,,,,,,,,,,,,,,,,,,,,,,,,,
135483,Harris & Morgan,"Boehner, H.E.",,,,,,,,,,,,,,,,,,,,,,,,,,,,,,,,
135484,Harris & Morgan,"Smith, Jeremiah",,,,,,,,,,,,,,,,,,,,,,,,,,,,,,,,
135485,Harris & Morgan,"Boehner, H.E.",,,,,,,,,,,,,,,,,,,,,,,,,,,,,,,,
135486,Harris & Morgan,"Smith, Jeremiah",,,,,,,,,,,,,,,,,,,,,,,,,,,,,,,,
135487,Harris & Morgan,"Boehner, H.E.",,,,,,,,,,,,,,,,,,,,,,,,,,,,,,,,
135488,Harris & Morgan,"Place, Henry",,,,,,,,,,,,,,,,,,,,,,,,,,,,,,,,
135489,Harris & Morgan,"Boehner, H.E.",,,,,,,,,,,,,,,,,,,,,,,,,,,,,,,,
135490,Harris & Morgan,"Talbot, William H.",,,,,,,,,,,,,,,,,,,,,,,,,,,,,,,,
135491,"Green, Harding & Co.",Emerson,,,,,,,,,,,,,,,,,,,,,,,,,,,,,,,,
135492,Harris & Morgan,"Place, Henry",,,,,,,,,,,,,,,,,,,,,,,,,,,,,,,,
135493,Harris & Morgan,"Boehner, H.E.",,,,,,,,,,,,,,,,,,,,,,,,,,,,,,,,
135494,Harris & Morgan,"Place, Henry",,,,,,,,,,,,,,,,,,,,,,,,,,,,,,,,
135495,Harris & Morgan,"Place, Henry",,,,,,,,,,,,,,,,,,,,,,,,,,,,,,,,
135496,Harris & Morgan,"Boehner, H.E.",,,,,,,,,,,,,,,,,,,,,,,,,,,,,,,,
135497,Harris & Morgan,"Place, Henry",,,,,,,,,,,,,,,,,,,,,,,,,,,,,,,,
135498,Harris & Morgan,"Boehner, H.E.",,,,,,,,,,,,,,,,,,,,,,,,,,,,,,,,
135499,Harris & Morgan,"Place, Henry",,,,,,,,,,,,,,,,,,,,,,,,,,,,,,,,
135500,"Green, Harding & Co.",Emerson,,,,,,,,,,,,,,,,,,,,,,,,,,,,,,,,
135501,Harris & Morgan,"Smith, Jeremiah",,,,,,,,,,,,,,,,,,,,,,,,,,,,,,,,
135502,Harris & Morgan,"Thompson, John S.",,,,,,,,,,,,,,,,,,,,,,,,,,,,,,,,
135503,Harris & Morgan,"Place, Henry",,,,,,,,,,,,,,,,,,,,,,,,,,,,,,,,
135504,"Green, Harding & Co.",Emerson,"Young, J.R.",,,,,,,,,,,,,,,,,,,,,,,,,,,,,,,
135505,Harris & Morgan,"Smith, Jeremiah",,,,,,,,,,,,,,,,,,,,,,,,,,,,,,,,
135506,Harris & Morgan,"Place, Henry",,,,,,,,,,,,,,,,,,,,,,,,,,,,,,,,
135507,Harris & Morgan,"Smith, Jeremiah",,,,,,,,,,,,,,,,,,,,,,,,,,,,,,,,
135508,"Green, Harding & Co.",Emerson,,,,,,,,,,,,,,,,,,,,,,,,,,,,,,,,
135509,Harris & Morgan,"Place, Henry",,,,,,,,,,,,,,,,,,,,,,,,,,,,,,,,
135510,"Green, Harding & Co.","Webb, E.",Wehls,,,,,,,,,,,,,,,,,,,,,,,,,,,,,,,
135511,Harris & Morgan,"Smith, Jeremiah",,,,,,,,,,,,,,,,,,,,,,,,,,,,,,,,
135512,"Green, Harding & Co.",Emerson,,,,,,,,,,,,,,,,,,,,,,,,,,,,,,,,
135513,Harris & Morgan,"Place, Henry",,,,,,,,,,,,,,,,,,,,,,,,,,,,,,,,
135514,Harris & Morgan,"Smith, Jeremiah",,,,,,,,,,,,,,,,,,,,,,,,,,,,,,,,
135515,Harris & Morgan,Lawless,,,,,,,,,,,,,,,,,,,,,,,,,,,,,,,,
135516,Harris & Morgan,"Talbot, William H.",,,,,,,,,,,,,,,,,,,,,,,,,,,,,,,,
135517,Harris & Morgan,"Place, Henry",,,,,,,,,,,,,,,,,,,,,,,,,,,,,,,,
135518,Harris & Morgan,"Lawless, James",Lambert,,,,,,,,,,,,,,,,,,,,,,,,,,,,,,,
135519,Harris & Morgan,"Talbot, William H.",,,,,,,,,,,,,,,,,,,,,,,,,,,,,,,,
135520,Harris & Morgan,Lawless,,,,,,,,,,,,,,,,,,,,,,,,,,,,,,,,
135521,"Armstrong, Harris & Co.",Wells,,,,,,,,,,,,,,,,,,,,,,,,,,,,,,,,
135522,Harris & Morgan,"Talbot, William H.",,,,,,,,,,,,,,,,,,,,,,,,,,,,,,,,
135523,"Armstrong, Harris & Co.",Wells,,,,,,,,,,,,,,,,,,,,,,,,,,,,,,,,
135524,"Wickham, O.","Denslow, A.D.",,,,,,,,,,,,,,,,,,,,,,,,,,,,,,,,
135525,Harris & Morgan,Lawless,,,,,,,,,,,,,,,,,,,,,,,,,,,,,,,,
135526,Harris & Morgan,"Place, Henry",,,,,,,,,,,,,,,,,,,,,,,,,,,,,,,,
135527,C.J. Meeker & Co.,Foote,Forte,,,,,,,,,,,,,,,,,,,,,,,,,,,,,,,
135528,"Armstrong, Harris & Co.",Wells,,,,,,,,,,,,,,,,,,,,,,,,,,,,,,,,
135529,Harris & Morgan,"Forbes, Thomas",Lawless,,,,,,,,,,,,,,,,,,,,,,,,,,,,,,,
135530,Harris & Morgan,"Place, Henry",,,,,,,,,,,,,,,,,,,,,,,,,,,,,,,,
135531,"Wickham, O.","Denslow, A.D.",,,,,,,,,,,,,,,,,,,,,,,,,,,,,,,,
135532,Harris & Morgan,"Forbes, Thomas",,,,,,,,,,,,,,,,,,,,,,,,,,,,,,,,
135533,Harris & Morgan,"Thompson, John S.",,,,,,,,,,,,,,,,,,,,,,,,,,,,,,,,
135534,"Wickham, O.","Denslow, A.D.",,,,,,,,,,,,,,,,,,,,,,,,,,,,,,,,
135535,Harris & Morgan,"Forbes, Thomas",,,,,,,,,,,,,,,,,,,,,,,,,,,,,,,,
135536,Harris & Morgan,"Place, Henry",,,,,,,,,,,,,,,,,,,,,,,,,,,,,,,,
135537,Harris & Morgan,"Forbes, Thomas",,,,,,,,,,,,,,,,,,,,,,,,,,,,,,,,
135538,Harris & Morgan,"Place, Henry",Page,,,,,,,,,,,,,,,,,,,,,,,,,,,,,,,
135539,Harris & Morgan,"Forbes, Thomas",,,,,,,,,,,,,,,,,,,,,,,,,,,,,,,,
135540,"Wickham, O.","Taylor, John",,,,,,,,,,,,,,,,,,,,,,,,,,,,,,,,
135541,Harris & Morgan,"Place, Henry",,,,,,,,,,,,,,,,,,,,,,,,,,,,,,,,
135542,"Wickham, O.","Denslow, A.D.",Deuston,,,,,,,,,,,,,,,,,,,,,,,,,,,,,,,
135543,Harris & Morgan,"Forbes, Thomas",,,,,,,,,,,,,,,,,,,,,,,,,,,,,,,,
135544,Duke,Duke,,,,,,,,,,,,,,,,,,,,,,,,,,,,,,,,
135545,Harris & Morgan,"Forbes, Thomas",,,,,,,,,,,,,,,,,,,,,,,,,,,,,,,,
135546,Harris & Morgan,"Place, Henry",,,,,,,,,,,,,,,,,,,,,,,,,,,,,,,,
135547,Harris & Morgan,"Forbes, Thomas",Lawless,,,,,,,,,,,,,,,,,,,,,,,,,,,,,,,
135548,Harris & Morgan,"Forbes, Thomas",Lawless,,,,,,,,,,,,,,,,,,,,,,,,,,,,,,,
135549,Harris & Morgan,"Place, Henry","Talbot, William H.",,,,,,,,,,,,,,,,,,,,,,,,,,,,,,,
135550,Harris & Morgan,"Forbes, Thomas",,,,,,,,,,,,,,,,,,,,,,,,,,,,,,,,
135551,Harris & Morgan,"Lawless, James",,,,,,,,,,,,,,,,,,,,,,,,,,,,,,,,
135552,Harris & Morgan,"Forbes, Thomas",,,,,,,,,,,,,,,,,,,,,,,,,,,,,,,,
135553,Harris & Morgan,"Place, Henry",,,,,,,,,,,,,,,,,,,,,,,,,,,,,,,,
135554,Harris & Morgan,"Forbes, Thomas",,,,,,,,,,,,,,,,,,,,,,,,,,,,,,,,
135555,Harris & Morgan,"Lawless, James",,,,,,,,,,,,,,,,,,,,,,,,,,,,,,,,
135556,Harris & Morgan,"Forbes, Thomas",,,,,,,,,,,,,,,,,,,,,,,,,,,,,,,,
135557,Harris & Morgan,"Thompson, John S.",,,,,,,,,,,,,,,,,,,,,,,,,,,,,,,,
135558,"Green, Harding & Co.","Talbot, William H.","Pittsfield, O.U.",,,,,,,,,,,,,,,,,,,,,,,,,,,,,,,
135559,"Young, J.R.","Young, J.R.",,,,,,,,,,,,,,,,,,,,,,,,,,,,,,,,
135560,"Wickham, O.","Parker, Henry",,,,,,,,,,,,,,,,,,,,,,,,,,,,,,,,
135561,Harris & Morgan,Lawless,,,,,,,,,,,,,,,,,,,,,,,,,,,,,,,,
135562,Harris & Morgan,"Place, Henry",,,,,,,,,,,,,,,,,,,,,,,,,,,,,,,,
135563,Harris & Morgan,"Place, Henry",,,,,,,,,,,,,,,,,,,,,,,,,,,,,,,,
135564,Harris & Morgan,"Forbes, Thomas",,,,,,,,,,,,,,,,,,,,,,,,,,,,,,,,
135565,Harris & Morgan,"Smith, Jeremiah",,,,,,,,,,,,,,,,,,,,,,,,,,,,,,,,
135566,"Wickham, O.","Tucker, J.B.",,,,,,,,,,,,,,,,,,,,,,,,,,,,,,,,
135567,Harris & Morgan,"Forbes, Thomas",,,,,,,,,,,,,,,,,,,,,,,,,,,,,,,,
135568,Harris & Morgan,"Smith, Jeremiah",,,,,,,,,,,,,,,,,,,,,,,,,,,,,,,,
135569,"Green, Harding & Co.","Talbot, William H.",,,,,,,,,,,,,,,,,,,,,,,,,,,,,,,,
135570,Harris & Morgan,"Place, Henry",,,,,,,,,,,,,,,,,,,,,,,,,,,,,,,,
135571,Harris & Morgan,Lawless,,,,,,,,,,,,,,,,,,,,,,,,,,,,,,,,
135572,Harris & Morgan,"Forbes, Thomas",,,,,,,,,,,,,,,,,,,,,,,,,,,,,,,,
135573,"Green, Harding & Co.","Talbot, William H.",,,,,,,,,,,,,,,,,,,,,,,,,,,,,,,,
135574,Harris & Morgan,"Lawless, John","Place, Henry",,,,,,,,,,,,,,,,,,,,,,,,,,,,,,,
135575,Harris & Morgan,"Smith, Jeremiah",,,,,,,,,,,,,,,,,,,,,,,,,,,,,,,,
135576,"Wickham, O.","Rogers, J.R.",,,,,,,,,,,,,,,,,,,,,,,,,,,,,,,,
135577,Harris & Morgan,"Lawless, James",,,,,,,,,,,,,,,,,,,,,,,,,,,,,,,,
135578,"Green, Harding & Co.","Talbot, William H.",,,,,,,,,,,,,,,,,,,,,,,,,,,,,,,,
135579,Harris & Morgan,"Place, Henry","Thompson, John S.",,,,,,,,,,,,,,,,,,,,,,,,,,,,,,,
135580,Harris & Morgan,"Forbes, Thomas",,,,,,,,,,,,,,,,,,,,,,,,,,,,,,,,
135581,Harris & Morgan,"Smith, Jeremiah",,,,,,,,,,,,,,,,,,,,,,,,,,,,,,,,
135582,Harris & Morgan,"Lawless, James",,,,,,,,,,,,,,,,,,,,,,,,,,,,,,,,
135583,"Green, Harding & Co.","Talbot, William H.",,,,,,,,,,,,,,,,,,,,,,,,,,,,,,,,
135584,R.M. Harrison & Co.,"Eddy, Daniel B.",,,,,,,,,,,,,,,,,,,,,,,,,,,,,,,,
135585,Harris & Morgan,"Forbes, Thomas",,,,,,,,,,,,,,,,,,,,,,,,,,,,,,,,
135586,Harris & Morgan,"Smith, Jeremiah",,,,,,,,,,,,,,,,,,,,,,,,,,,,,,,,
135587,Harris & Morgan,"Lawless, James",,,,,,,,,,,,,,,,,,,,,,,,,,,,,,,,
135588,Harris & Morgan,"Forbes, Thomas",,,,,,,,,,,,,,,,,,,,,,,,,,,,,,,,
135589,Harris & Morgan,"Smith, Jeremiah",,,,,,,,,,,,,,,,,,,,,,,,,,,,,,,,
135590,Harris & Morgan,"Lawless, James",,,,,,,,,,,,,,,,,,,,,,,,,,,,,,,,
135591,Harris & Morgan,"Forbes, Thomas",,,,,,,,,,,,,,,,,,,,,,,,,,,,,,,,
135592,Harris & Morgan,"Lawless, James",,,,,,,,,,,,,,,,,,,,,,,,,,,,,,,,
135593,Harris & Morgan,"Smith, Jeremiah",,,,,,,,,,,,,,,,,,,,,,,,,,,,,,,,
135594,Harris & Morgan,"Lawless, James",,,,,,,,,,,,,,,,,,,,,,,,,,,,,,,,
135595,Harris & Morgan,"Smith, Jeremiah",,,,,,,,,,,,,,,,,,,,,,,,,,,,,,,,
135596,Harris & Morgan,"Forbes, Thomas",,,,,,,,,,,,,,,,,,,,,,,,,,,,,,,,
135597,Harris & Morgan,"Place, Henry",,,,,,,,,,,,,,,,,,,,,,,,,,,,,,,,
135598,Harris & Morgan,"Smith, Jeremiah",,,,,,,,,,,,,,,,,,,,,,,,,,,,,,,,
135599,Harris & Morgan,"Forbes, Thomas",,,,,,,,,,,,,,,,,,,,,,,,,,,,,,,,
135600,Harris & Morgan,"Place, Henry",,,,,,,,,,,,,,,,,,,,,,,,,,,,,,,,
135601,H.L. Stone & Co.,"Arnet, Frederick",,,,,,,,,,,,,,,,,,,,,,,,,,,,,,,,
135602,Harris & Morgan,"Ducey, P.","Lawless, James",,,,,,,,,,,,,,,,,,,,,,,,,,,,,,,
135603,,"Forbes, Thomas",,,,,,,,,,,,,,,,,,,,,,,,,,,,,,,,
135604,Harris & Morgan,"Lawless, James",,,,,,,,,,,,,,,,,,,,,,,,,,,,,,,,
135605,Harris & Morgan,"Smith, Jeremiah",,,,,,,,,,,,,,,,,,,,,,,,,,,,,,,,
135606,Harris & Morgan,"Thompson, John S.",,,,,,,,,,,,,,,,,,,,,,,,,,,,,,,,
135607,Harris & Morgan,"Forbes, Thomas",,,,,,,,,,,,,,,,,,,,,,,,,,,,,,,,
135608,Harris & Morgan,"Thompson, John S.",,,,,,,,,,,,,,,,,,,,,,,,,,,,,,,,
135609,Harris & Morgan,"Ducey, P.",,,,,,,,,,,,,,,,,,,,,,,,,,,,,,,,
135610,Harris & Morgan,"Forbes, Thomas",,,,,,,,,,,,,,,,,,,,,,,,,,,,,,,,
135611,Harris & Morgan,"Forbes, Thomas",,,,,,,,,,,,,,,,,,,,,,,,,,,,,,,,
135612,Southmayd & Harrison,"Wilson, John",,,,,,,,,,,,,,,,,,,,,,,,,,,,,,,,
135613,Harris & Morgan,"Lawless, John",,,,,,,,,,,,,,,,,,,,,,,,,,,,,,,,
135614,Harris & Morgan,"Thompson, John S.",,,,,,,,,,,,,,,,,,,,,,,,,,,,,,,,
135615,Harris & Morgan,"Smith, Jeremiah",,,,,,,,,,,,,,,,,,,,,,,,,,,,,,,,
135616,Harris & Morgan,"Lawless, John",,,,,,,,,,,,,,,,,,,,,,,,,,,,,,,,
135617,Harris & Morgan,"Thompson, John S.","Lawless, John",,,,,,,,,,,,,,,,,,,,,,,,,,,,,,,
135618,Harris & Morgan,"Smith, Jeremiah",,,,,,,,,,,,,,,,,,,,,,,,,,,,,,,,
135619,Harris & Morgan,"Lawless, John",,,,,,,,,,,,,,,,,,,,,,,,,,,,,,,,
135620,Harris & Morgan,"Thompson, John S.","Place, Henry",,,,,,,,,,,,,,,,,,,,,,,,,,,,,,,
135621,Harris & Morgan,"Smith, Jeremiah",,,,,,,,,,,,,,,,,,,,,,,,,,,,,,,,
135622,Harris & Morgan,"Lawless, John","Forbes, Thomas",,,,,,,,,,,,,,,,,,,,,,,,,,,,,,,
135623,Harris & Morgan,"Thompson, John S.",,,,,,,,,,,,,,,,,,,,,,,,,,,,,,,,
135624,Harris & Morgan,"Smith, Jeremiah",,,,,,,,,,,,,,,,,,,,,,,,,,,,,,,,
135625,Harris & Morgan,"Lawless, John",,,,,,,,,,,,,,,,,,,,,,,,,,,,,,,,
135626,Harris & Morgan,"Thompson, John S.",,,,,,,,,,,,,,,,,,,,,,,,,,,,,,,,
135627,Harris & Morgan,"Smith, Jeremiah",,,,,,,,,,,,,,,,,,,,,,,,,,,,,,,,
135628,Harris & Morgan,"Lawless, John",,,,,,,,,,,,,,,,,,,,,,,,,,,,,,,,
135629,Harris & Morgan,"Thompson, John S.",,,,,,,,,,,,,,,,,,,,,,,,,,,,,,,,
135630,Harris & Morgan,"Smith, Jeremiah",,,,,,,,,,,,,,,,,,,,,,,,,,,,,,,,
135631,Harris & Morgan,"Lawless, John",,,,,,,,,,,,,,,,,,,,,,,,,,,,,,,,
135632,Harris & Morgan,"Thompson, John S.",,,,,,,,,,,,,,,,,,,,,,,,,,,,,,,,
135633,Harris & Morgan,"Smith, Jeremiah",,,,,,,,,,,,,,,,,,,,,,,,,,,,,,,,
135634,Harris & Morgan,"Lawless, John",,,,,,,,,,,,,,,,,,,,,,,,,,,,,,,,
135635,Harris & Morgan,"Thompson, John S.",,,,,,,,,,,,,,,,,,,,,,,,,,,,,,,,
135636,Harris & Morgan,"Smith, Jeremiah",,,,,,,,,,,,,,,,,,,,,,,,,,,,,,,,
135637,Harris & Morgan,"Lawless, John",,,,,,,,,,,,,,,,,,,,,,,,,,,,,,,,
135638,Harris & Morgan,"Thompson, John S.",,,,,,,,,,,,,,,,,,,,,,,,,,,,,,,,
135639,Harris & Morgan,"Smith, Jeremiah",,,,,,,,,,,,,,,,,,,,,,,,,,,,,,,,
135640,Harris & Morgan,"Lawless, John",,,,,,,,,,,,,,,,,,,,,,,,,,,,,,,,
135641,Harris & Morgan,"Smith, Jeremiah",,,,,,,,,,,,,,,,,,,,,,,,,,,,,,,,
135642,Harris & Morgan,"Lawless, John",,,,,,,,,,,,,,,,,,,,,,,,,,,,,,,,
135643,Harris & Morgan,"Thompson, John S.",,,,,,,,,,,,,,,,,,,,,,,,,,,,,,,,
135644,Harris & Morgan,"Smith, Jeremiah",,,,,,,,,,,,,,,,,,,,,,,,,,,,,,,,
135645,Harris & Morgan,"Forbes, Thomas",,,,,,,,,,,,,,,,,,,,,,,,,,,,,,,,
135646,Harris & Morgan,"Thompson, John S.",,,,,,,,,,,,,,,,,,,,,,,,,,,,,,,,
135647,Harris & Morgan,"Smith, Jeremiah",,,,,,,,,,,,,,,,,,,,,,,,,,,,,,,,
135648,Harris & Morgan,"Forbes, Thomas",,,,,,,,,,,,,,,,,,,,,,,,,,,,,,,,
135649,Harris & Morgan,"Thompson, John S.",,,,,,,,,,,,,,,,,,,,,,,,,,,,,,,,
135650,Harris & Morgan,"Smith, Jeremiah",,,,,,,,,,,,,,,,,,,,,,,,,,,,,,,,
135651,Harris & Morgan,"Lawless, James",,,,,,,,,,,,,,,,,,,,,,,,,,,,,,,,
135652,Harris & Morgan,"Thompson, John S.",,,,,,,,,,,,,,,,,,,,,,,,,,,,,,,,
135653,Harris & Morgan,"Smith, Jeremiah",,,,,,,,,,,,,,,,,,,,,,,,,,,,,,,,
135654,Harris & Morgan,"Lawless, James",,,,,,,,,,,,,,,,,,,,,,,,,,,,,,,,
135655,Harris & Morgan,"Thompson, John S.",,,,,,,,,,,,,,,,,,,,,,,,,,,,,,,,
135656,Harris & Morgan,"Smith, Jeremiah","Robson, S.B.",,,,,,,,,,,,,,,,,,,,,,,,,,,,,,,
135657,Harris & Morgan,"Lawless, James",,,,,,,,,,,,,,,,,,,,,,,,,,,,,,,,
135658,Harris & Morgan,"Thompson, John S.",,,,,,,,,,,,,,,,,,,,,,,,,,,,,,,,
135659,Harris & Morgan,"Smith, Jeremiah",,,,,,,,,,,,,,,,,,,,,,,,,,,,,,,,
135660,Harris & Morgan,"Lawless, James",,,,,,,,,,,,,,,,,,,,,,,,,,,,,,,,
135661,Harris & Morgan,"Lawless, John",,,,,,,,,,,,,,,,,,,,,,,,,,,,,,,,
135662,Harris & Morgan,"Smith, Jeremiah",,,,,,,,,,,,,,,,,,,,,,,,,,,,,,,,
135663,Harris & Morgan,"Lawless, James",,,,,,,,,,,,,,,,,,,,,,,,,,,,,,,,
135664,Harris & Morgan,"Smith, Jeremiah",,,,,,,,,,,,,,,,,,,,,,,,,,,,,,,,
135665,Harris & Morgan,"Lawless, John",,,,,,,,,,,,,,,,,,,,,,,,,,,,,,,,
135666,Harris & Morgan,"Thompson, John S.",,,,,,,,,,,,,,,,,,,,,,,,,,,,,,,,
135667,Harris & Morgan,"Lawless, James",,,,,,,,,,,,,,,,,,,,,,,,,,,,,,,,
135668,Harris & Morgan,"Lawless, James",,,,,,,,,,,,,,,,,,,,,,,,,,,,,,,,
135669,Harris & Morgan,"Talbot, William H.",,,,,,,,,,,,,,,,,,,,,,,,,,,,,,,,
135670,Harris & Morgan,"Talbot, William H.",,,,,,,,,,,,,,,,,,,,,,,,,,,,,,,,
135671,O. Wickham & Co.,"O'Leary, M.",,,,,,,,,,,,,,,,,,,,,,,,,,,,,,,,
135672,Harris & Morgan,"Talbot, William H.",,,,,,,,,,,,,,,,,,,,,,,,,,,,,,,,
135673,Harris & Morgan,"Lawless, John",,,,,,,,,,,,,,,,,,,,,,,,,,,,,,,,
135674,Harris & Morgan,"Thompson, John S.",,,,,,,,,,,,,,,,,,,,,,,,,,,,,,,,
135675,Harris & Morgan,"Lawless, James",,,,,,,,,,,,,,,,,,,,,,,,,,,,,,,,
135676,Harris & Morgan,"Talbot, William H.",,,,,,,,,,,,,,,,,,,,,,,,,,,,,,,,
135677,Harris & Morgan,"Lawless, John",,,,,,,,,,,,,,,,,,,,,,,,,,,,,,,,
135678,Harris & Morgan,"Place, Henry",,,,,,,,,,,,,,,,,,,,,,,,,,,,,,,,
135679,Harris & Morgan,"Lawless, James",,,,,,,,,,,,,,,,,,,,,,,,,,,,,,,,
135680,Harris & Morgan,"Talbot, William H.",,,,,,,,,,,,,,,,,,,,,,,,,,,,,,,,
135681,Harris & Morgan,"Lawless, John",,,,,,,,,,,,,,,,,,,,,,,,,,,,,,,,
135682,Harris & Morgan,"Place, Henry",,,,,,,,,,,,,,,,,,,,,,,,,,,,,,,,
135683,Harris & Morgan,"Lawless, James",,,,,,,,,,,,,,,,,,,,,,,,,,,,,,,,
135684,Harris & Morgan,"Talbot, William H.",,,,,,,,,,,,,,,,,,,,,,,,,,,,,,,,
135685,Harris & Morgan,"Talbot, William H.",,,,,,,,,,,,,,,,,,,,,,,,,,,,,,,,
135686,Harris & Morgan,"Place, Henry",,,,,,,,,,,,,,,,,,,,,,,,,,,,,,,,
135687,Harris & Morgan,"Lawless, James",,,,,,,,,,,,,,,,,,,,,,,,,,,,,,,,
135688,Harris & Morgan,"Talbot, William H.",,,,,,,,,,,,,,,,,,,,,,,,,,,,,,,,
135689,Harris & Morgan,"Lawless, John",,,,,,,,,,,,,,,,,,,,,,,,,,,,,,,,
135690,Harris & Morgan,"Place, Henry",,,,,,,,,,,,,,,,,,,,,,,,,,,,,,,,
135691,Harris & Morgan,"Lawless, James",,,,,,,,,,,,,,,,,,,,,,,,,,,,,,,,
135692,Harris & Morgan,"Talbot, William H.",,,,,,,,,,,,,,,,,,,,,,,,,,,,,,,,
135693,Harris & Morgan,"Thompson, John S.",,,,,,,,,,,,,,,,,,,,,,,,,,,,,,,,
135694,Harris & Morgan,"Lawless, John",,,,,,,,,,,,,,,,,,,,,,,,,,,,,,,,
135695,Harris & Morgan,"Place, Henry",,,,,,,,,,,,,,,,,,,,,,,,,,,,,,,,
135696,Harris & Morgan,"Lawless, James",,,,,,,,,,,,,,,,,,,,,,,,,,,,,,,,
135697,Harris & Morgan,"Talbot, William H.",,,,,,,,,,,,,,,,,,,,,,,,,,,,,,,,
135698,Harris & Morgan,"Lawless, John",,,,,,,,,,,,,,,,,,,,,,,,,,,,,,,,
135699,Harris & Morgan,"Lawless, James",,,,,,,,,,,,,,,,,,,,,,,,,,,,,,,,
135700,Harris & Morgan,"Talbot, William H.",,,,,,,,,,,,,,,,,,,,,,,,,,,,,,,,
135701,Harris & Morgan,"Lawless, John",,,,,,,,,,,,,,,,,,,,,,,,,,,,,,,,
135702,Harris & Morgan,"Place, Henry",,,,,,,,,,,,,,,,,,,,,,,,,,,,,,,,
135703,Harris & Morgan,"Lawless, James",,,,,,,,,,,,,,,,,,,,,,,,,,,,,,,,
135704,Harris & Morgan,"Talbot, William H.",,,,,,,,,,,,,,,,,,,,,,,,,,,,,,,,
135705,Harris & Morgan,"Lawless, John",,,,,,,,,,,,,,,,,,,,,,,,,,,,,,,,
135706,Harris & Morgan,"Place, Henry",,,,,,,,,,,,,,,,,,,,,,,,,,,,,,,,
135707,Harris & Morgan,"Lawless, James",,,,,,,,,,,,,,,,,,,,,,,,,,,,,,,,
135708,Harris & Morgan,"Lawless, John",,,,,,,,,,,,,,,,,,,,,,,,,,,,,,,,
135709,Harris & Morgan,"Place, Henry",,,,,,,,,,,,,,,,,,,,,,,,,,,,,,,,
135710,Harris & Morgan,"Lawless, John",,,,,,,,,,,,,,,,,,,,,,,,,,,,,,,,
135711,Harris & Morgan,"Lawless, James",,,,,,,,,,,,,,,,,,,,,,,,,,,,,,,,
135712,Harris & Morgan,"Place, Henry",,,,,,,,,,,,,,,,,,,,,,,,,,,,,,,,
135713,Harris & Morgan,"Talbot, William H.",,,,,,,,,,,,,,,,,,,,,,,,,,,,,,,,
135714,Harris & Morgan,"Lawless, James",,,,,,,,,,,,,,,,,,,,,,,,,,,,,,,,
135715,Harris & Morgan,"Place, Henry",,,,,,,,,,,,,,,,,,,,,,,,,,,,,,,,
135716,Harris & Morgan,"Talbot, William H.",,,,,,,,,,,,,,,,,,,,,,,,,,,,,,,,
135717,Harris & Morgan,"Lawless, James",,,,,,,,,,,,,,,,,,,,,,,,,,,,,,,,
135718,Harris & Morgan,"Place, Henry",,,,,,,,,,,,,,,,,,,,,,,,,,,,,,,,
135719,Harris & Morgan,"Lawless, John",,,,,,,,,,,,,,,,,,,,,,,,,,,,,,,,
135720,Harris & Morgan,"Talbot, William H.",,,,,,,,,,,,,,,,,,,,,,,,,,,,,,,,
135721,Harris & Morgan,"Lawless, James",,,,,,,,,,,,,,,,,,,,,,,,,,,,,,,,
135722,Harris & Morgan,"Place, Henry",,,,,,,,,,,,,,,,,,,,,,,,,,,,,,,,
135723,Harris & Morgan,"Lawless, John",,,,,,,,,,,,,,,,,,,,,,,,,,,,,,,,
135724,Harris & Morgan,"Talbot, William H.",,,,,,,,,,,,,,,,,,,,,,,,,,,,,,,,
135725,Harris & Morgan,"Lawless, James",,,,,,,,,,,,,,,,,,,,,,,,,,,,,,,,
135726,Harris & Morgan,"Place, Henry",,,,,,,,,,,,,,,,,,,,,,,,,,,,,,,,
135727,O. Wickham & Co.,"Winslow, Moses",,,,,,,,,,,,,,,,,,,,,,,,,,,,,,,,
135728,Harris & Morgan,"Lawless, John",,,,,,,,,,,,,,,,,,,,,,,,,,,,,,,,
135729,Harris & Morgan,"Talbot, William H.",,,,,,,,,,,,,,,,,,,,,,,,,,,,,,,,
135730,Harris & Morgan,"Place, Henry","Sheppard, Henry",,,,,,,,,,,,,,,,,,,,,,,,,,,,,,,
135731,Harris & Morgan,"Lawless, John",,,,,,,,,,,,,,,,,,,,,,,,,,,,,,,,
135732,Harris & Morgan,"Place, Henry",,,,,,,,,,,,,,,,,,,,,,,,,,,,,,,,
135733,Harris & Morgan,"Sheppard, Henry",,,,,,,,,,,,,,,,,,,,,,,,,,,,,,,,
135734,Harris & Morgan,"Lawless, John",,,,,,,,,,,,,,,,,,,,,,,,,,,,,,,,
135735,Harris & Morgan,"Lawless, John",,,,,,,,,,,,,,,,,,,,,,,,,,,,,,,,
135736,Harris & Morgan,"Place, Henry",,,,,,,,,,,,,,,,,,,,,,,,,,,,,,,,
135737,Harris & Morgan,"Lawless, John",,,,,,,,,,,,,,,,,,,,,,,,,,,,,,,,
135738,Harris & Morgan,"Thompson, John S.",,,,,,,,,,,,,,,,,,,,,,,,,,,,,,,,
135739,Harris & Morgan,"Place, Henry",,,,,,,,,,,,,,,,,,,,,,,,,,,,,,,,
135740,Harris & Morgan,"Talbot, William H.",,,,,,,,,,,,,,,,,,,,,,,,,,,,,,,,
135741,Harris & Morgan,"Place, Henry",,,,,,,,,,,,,,,,,,,,,,,,,,,,,,,,
135742,Harris & Morgan,"Sheppard, Henry",,,,,,,,,,,,,,,,,,,,,,,,,,,,,,,,
135743,Harris & Morgan,"Lawless, John",,,,,,,,,,,,,,,,,,,,,,,,,,,,,,,,
135744,Harris & Morgan,"Talbot, William H.",,,,,,,,,,,,,,,,,,,,,,,,,,,,,,,,
135745,Harris & Morgan,"Place, Henry","Lawless, James",,,,,,,,,,,,,,,,,,,,,,,,,,,,,,,
135746,Harris & Morgan,"Sheppard, Henry",,,,,,,,,,,,,,,,,,,,,,,,,,,,,,,,
135747,Harris & Morgan,"Lawless, John",,,,,,,,,,,,,,,,,,,,,,,,,,,,,,,,
135748,Harris & Morgan,"Place, Henry",,,,,,,,,,,,,,,,,,,,,,,,,,,,,,,,
135749,Harris & Morgan,"Lawless, James",,,,,,,,,,,,,,,,,,,,,,,,,,,,,,,,
135750,Harris & Morgan,"Talbot, William H.",,,,,,,,,,,,,,,,,,,,,,,,,,,,,,,,
135751,Harris & Morgan,"Lawless, John",,,,,,,,,,,,,,,,,,,,,,,,,,,,,,,,
135752,Harris & Morgan,"Place, Henry",,,,,,,,,,,,,,,,,,,,,,,,,,,,,,,,
135753,Harris & Morgan,"Lawless, James",,,,,,,,,,,,,,,,,,,,,,,,,,,,,,,,
135754,Harris & Morgan,"Talbot, William H.","Place, Henry",,,,,,,,,,,,,,,,,,,,,,,,,,,,,,,
135755,Harris & Morgan,"Lawless, John",,,,,,,,,,,,,,,,,,,,,,,,,,,,,,,,
135756,Harris & Morgan,"Place, Henry","Talbot, William H.",,,,,,,,,,,,,,,,,,,,,,,,,,,,,,,
135757,Harris & Morgan,"Talbot, William H.",,,,,,,,,,,,,,,,,,,,,,,,,,,,,,,,
135758,Harris & Morgan,"Lawless, John",,,,,,,,,,,,,,,,,,,,,,,,,,,,,,,,
135759,Harris & Morgan,Lawless,"Sheppard, Henry",,,,,,,,,,,,,,,,,,,,,,,,,,,,,,,
135760,Harris & Morgan,"Place, Henry",,,,,,,,,,,,,,,,,,,,,,,,,,,,,,,,
135761,Harris & Morgan,"Lawless, John",,,,,,,,,,,,,,,,,,,,,,,,,,,,,,,,
135762,Harris & Morgan,"Lawless, John","Place, Henry",,,,,,,,,,,,,,,,,,,,,,,,,,,,,,,
135763,Harris & Morgan,"Place, Henry","Lawless, John",,,,,,,,,,,,,,,,,,,,,,,,,,,,,,,
135764,Harris & Morgan,"Lawless, John",,,,,,,,,,,,,,,,,,,,,,,,,,,,,,,,
135765,Harris & Morgan,"Sheppard, Henry","Lawless, John",,,,,,,,,,,,,,,,,,,,,,,,,,,,,,,
135766,Harris & Morgan,"Place, Henry",,,,,,,,,,,,,,,,,,,,,,,,,,,,,,,,
135767,Harris & Morgan,"Lawless, John",,,,,,,,,,,,,,,,,,,,,,,,,,,,,,,,
135768,Harris & Morgan,"Sheppard, Henry","Lawless, John",,,,,,,,,,,,,,,,,,,,,,,,,,,,,,,
135769,Harris & Morgan,"Talbot, William H.",,,,,,,,,,,,,,,,,,,,,,,,,,,,,,,,
135770,Harris & Morgan,"Place, Henry",,,,,,,,,,,,,,,,,,,,,,,,,,,,,,,,
135771,Harris & Morgan,"Sheppard, Henry","Thompson, John S.","Place, Henry",,,,,,,,,,,,,,,,,,,,,,,,,,,,,,
135772,Harris & Morgan,"Sheppard, Henry",,,,,,,,,,,,,,,,,,,,,,,,,,,,,,,,
135773,Harris & Morgan,"Talbot, William H.","Place, Henry",,,,,,,,,,,,,,,,,,,,,,,,,,,,,,,
135774,Harris & Morgan,"Lawless, John",,,,,,,,,,,,,,,,,,,,,,,,,,,,,,,,
135775,Harris & Morgan,"Place, Henry","Lawless, James",,,,,,,,,,,,,,,,,,,,,,,,,,,,,,,
135776,Harris & Morgan,"Sheppard, Henry","Lawless, John",,,,,,,,,,,,,,,,,,,,,,,,,,,,,,,
135777,Harris & Morgan,"Talbot, William H.",,,,,,,,,,,,,,,,,,,,,,,,,,,,,,,,
135778,Harris & Morgan,"Lawless, John",,,,,,,,,,,,,,,,,,,,,,,,,,,,,,,,
135779,Harris & Morgan,"Thompson, John S.",,,,,,,,,,,,,,,,,,,,,,,,,,,,,,,,
135780,Harris & Morgan,"Sheppard, Henry",,,,,,,,,,,,,,,,,,,,,,,,,,,,,,,,
135781,Harris & Morgan,"Talbot, William H.",,,,,,,,,,,,,,,,,,,,,,,,,,,,,,,,
135782,Harris & Morgan,"Lawless, John",,,,,,,,,,,,,,,,,,,,,,,,,,,,,,,,
135783,Harris & Morgan,"Place, Henry",,,,,,,,,,,,,,,,,,,,,,,,,,,,,,,,
135784,Harris & Morgan,"Sheppard, Henry",,,,,,,,,,,,,,,,,,,,,,,,,,,,,,,,
135785,Harris & Morgan,"Talbot, William H.",,,,,,,,,,,,,,,,,,,,,,,,,,,,,,,,
135786,Harris & Morgan,"Lawless, John",,,,,,,,,,,,,,,,,,,,,,,,,,,,,,,,
135787,Harris & Morgan,"Place, Henry","Lawless, James","Talbot, William H.",,,,,,,,,,,,,,,,,,,,,,,,,,,,,,
135788,Harris & Morgan,"Sheppard, Henry",,,,,,,,,,,,,,,,,,,,,,,,,,,,,,,,
135789,Harris & Morgan,"Talbot, William H.",Lawless,,,,,,,,,,,,,,,,,,,,,,,,,,,,,,,
135790,Harris & Morgan,"Place, Henry",,,,,,,,,,,,,,,,,,,,,,,,,,,,,,,,
135791,Harris & Morgan,"Sheppard, Henry",,,,,,,,,,,,,,,,,,,,,,,,,,,,,,,,
135792,Harris & Morgan,"Talbot, William H.",,,,,,,,,,,,,,,,,,,,,,,,,,,,,,,,
135793,Harris & Morgan,"Lawless, John",,,,,,,,,,,,,,,,,,,,,,,,,,,,,,,,
135794,Harris & Morgan,"Place, Henry",,,,,,,,,,,,,,,,,,,,,,,,,,,,,,,,
135795,Harris & Morgan,"Lawless, John",,,,,,,,,,,,,,,,,,,,,,,,,,,,,,,,
135796,"Harris, Morgan & Co.","Place, Henry",,,,,,,,,,,,,,,,,,,,,,,,,,,,,,,,
135797,"Harris, Morgan & Co.","Sheppard, Henry",,,,,,,,,,,,,,,,,,,,,,,,,,,,,,,,
135798,"Harris, Morgan & Co.","Talbot, William H.",,,,,,,,,,,,,,,,,,,,,,,,,,,,,,,,
135799,"Harris, Morgan & Co.","Lawless, John",,,,,,,,,,,,,,,,,,,,,,,,,,,,,,,,
135800,"Harris, Morgan & Co.","Place, Henry",,,,,,,,,,,,,,,,,,,,,,,,,,,,,,,,
135801,"Harris, Morgan & Co.","Talbot, William H.",,,,,,,,,,,,,,,,,,,,,,,,,,,,,,,,
135802,"Thompson, John","Thompson, John",,,,,,,,,,,,,,,,,,,,,,,,,,,,,,,,
135803,"Harris, Morgan & Co.","Thompson, John S.",,,,,,,,,,,,,,,,,,,,,,,,,,,,,,,,
135804,"Harris, Morgan & Co.","Lawless, John",,,,,,,,,,,,,,,,,,,,,,,,,,,,,,,,
135805,"Harris, Morgan & Co.","Thompson, John S.",,,,,,,,,,,,,,,,,,,,,,,,,,,,,,,,
135806,"Harris, Morgan & Co.","Lawless, John",,,,,,,,,,,,,,,,,,,,,,,,,,,,,,,,
135807,"Harris, Morgan & Co.","Sheppard, Henry",,,,,,,,,,,,,,,,,,,,,,,,,,,,,,,,
135808,"Harris, Morgan & Co.","Lawless, John",,,,,,,,,,,,,,,,,,,,,,,,,,,,,,,,
135809,"Harris, Morgan & Co.","Talbot, William H.",,,,,,,,,,,,,,,,,,,,,,,,,,,,,,,,
135810,"Harris, Morgan & Co.","Lawless, John",,,,,,,,,,,,,,,,,,,,,,,,,,,,,,,,
135811,"Harris, Morgan & Co.","Talbot, William H.",,,,,,,,,,,,,,,,,,,,,,,,,,,,,,,,
135812,"Harris, Morgan & Co.","Place, Henry",,,,,,,,,,,,,,,,,,,,,,,,,,,,,,,,
135813,"Harris, Morgan & Co.","Place, Henry",,,,,,,,,,,,,,,,,,,,,,,,,,,,,,,,
135814,"Harris, Morgan & Co.","Lawless, John",,,,,,,,,,,,,,,,,,,,,,,,,,,,,,,,
135815,"Harris, Morgan & Co.","Place, Henry",,,,,,,,,,,,,,,,,,,,,,,,,,,,,,,,
135816,"Harris, Morgan & Co.","Lawless, John",,,,,,,,,,,,,,,,,,,,,,,,,,,,,,,,
135817,"Harris, Morgan & Co.","Smith, M.","Rathburn, William",,,,,,,,,,,,,,,,,,,,,,,,,,,,,,,
135818,"Harris, Morgan & Co.","Talbot, William H.",,,,,,,,,,,,,,,,,,,,,,,,,,,,,,,,
135819,"Harris, Morgan & Co.","Place, Henry",,,,,,,,,,,,,,,,,,,,,,,,,,,,,,,,
135820,"Harris, Morgan & Co.","Lawless, John",,,,,,,,,,,,,,,,,,,,,,,,,,,,,,,,
135821,"Harris, Morgan & Co.","Smith, M.",,,,,,,,,,,,,,,,,,,,,,,,,,,,,,,,
135822,"Harris, Morgan & Co.","Talbot, William H.",,,,,,,,,,,,,,,,,,,,,,,,,,,,,,,,
135823,"Harris, Morgan & Co.","Place, Henry",,,,,,,,,,,,,,,,,,,,,,,,,,,,,,,,
135824,"Harris, Morgan & Co.","Smith, M.",,,,,,,,,,,,,,,,,,,,,,,,,,,,,,,,
135825,Sterret,"Sterret, John H.",,,,,,,,,,,,,,,,,,,,,,,,,,,,,,,,
135826,"Harris, Morgan & Co.","Talbot, William H.",,,,,,,,,,,,,,,,,,,,,,,,,,,,,,,,
135827,"Harris, Morgan & Co.","Place, Henry",,,,,,,,,,,,,,,,,,,,,,,,,,,,,,,,
135828,"Harris, Morgan & Co.","Lawless, John",,,,,,,,,,,,,,,,,,,,,,,,,,,,,,,,
135829,"Harris, Morgan & Co.","Sheppard, Henry",,,,,,,,,,,,,,,,,,,,,,,,,,,,,,,,
135830,"Templeton, W.C.","Lefevre, P.E.",,,,,,,,,,,,,,,,,,,,,,,,,,,,,,,,
135831,"Harris, Morgan & Co.","Talbot, William H.",,,,,,,,,,,,,,,,,,,,,,,,,,,,,,,,
135832,"Harris, Morgan & Co.","Place, Henry",,,,,,,,,,,,,,,,,,,,,,,,,,,,,,,,
135833,"Harris, Morgan & Co.","Lawless, John",,,,,,,,,,,,,,,,,,,,,,,,,,,,,,,,
135834,"Harris, Morgan & Co.","Sheppard, Henry",,,,,,,,,,,,,,,,,,,,,,,,,,,,,,,,
135835,"Harris, Morgan & Co.","Talbot, William H.",,,,,,,,,,,,,,,,,,,,,,,,,,,,,,,,
135836,"Templeton, W.C.","Lefevre, P.E.",,,,,,,,,,,,,,,,,,,,,,,,,,,,,,,,
135837,"Harris, Morgan & Co.","Place, Henry",,,,,,,,,,,,,,,,,,,,,,,,,,,,,,,,
135838,"Harris, Morgan & Co.","Lawless, James","Lawless, John",,,,,,,,,,,,,,,,,,,,,,,,,,,,,,,
135839,"Harris, Morgan & Co.","Sheppard, Henry",,,,,,,,,,,,,,,,,,,,,,,,,,,,,,,,
135840,"Templeton, W.C.","Lefevre, P.E.",,,,,,,,,,,,,,,,,,,,,,,,,,,,,,,,
135841,"Harris, Morgan & Co.","Talbot, William H.",,,,,,,,,,,,,,,,,,,,,,,,,,,,,,,,
135842,"Harris, Morgan & Co.","Place, Henry",,,,,,,,,,,,,,,,,,,,,,,,,,,,,,,,
135843,"Harris, Morgan & Co.","Lawless, John",,,,,,,,,,,,,,,,,,,,,,,,,,,,,,,,
135844,"Templeton, W.C.","Lefevre, P.E.",,,,,,,,,,,,,,,,,,,,,,,,,,,,,,,,
135845,"Harris, Morgan & Co.","Sheppard, Henry",,,,,,,,,,,,,,,,,,,,,,,,,,,,,,,,
135846,"Harris, Morgan & Co.","Talbot, William H.",,,,,,,,,,,,,,,,,,,,,,,,,,,,,,,,
135847,"Harris, Morgan & Co.","Place, Henry",,,,,,,,,,,,,,,,,,,,,,,,,,,,,,,,
135848,"Templeton, W.C.","Lefevre, P.E.",,,,,,,,,,,,,,,,,,,,,,,,,,,,,,,,
135849,"Harris, Morgan & Co.","Lawless, John",,,,,,,,,,,,,,,,,,,,,,,,,,,,,,,,
135850,"Harris, Morgan & Co.","Sheppard, Henry",,,,,,,,,,,,,,,,,,,,,,,,,,,,,,,,
135851,"Harris, Morgan & Co.","Talbot, William H.",,,,,,,,,,,,,,,,,,,,,,,,,,,,,,,,
135852,"Templeton, W.C.","Lefevre, P.E.",,,,,,,,,,,,,,,,,,,,,,,,,,,,,,,,
135853,"Harris, Morgan & Co.","Place, Henry",,,,,,,,,,,,,,,,,,,,,,,,,,,,,,,,
135854,"Harris, Morgan & Co.","Lawless, John",,,,,,,,,,,,,,,,,,,,,,,,,,,,,,,,
135855,"Harris, Morgan & Co.","Sheppard, Henry",,,,,,,,,,,,,,,,,,,,,,,,,,,,,,,,
135856,"Harris, Morgan & Co.","Talbot, William H.",,,,,,,,,,,,,,,,,,,,,,,,,,,,,,,,
135857,"Harris, Morgan & Co.","Place, Henry",,,,,,,,,,,,,,,,,,,,,,,,,,,,,,,,
135858,"Harris, Morgan & Co.",Lawless,"Rathburn, William",,,,,,,,,,,,,,,,,,,,,,,,,,,,,,,
135859,"Harris, Morgan & Co.","Place, Henry",,,,,,,,,,,,,,,,,,,,,,,,,,,,,,,,
135860,"Harris, Morgan & Co.","Rathburn, William",,,,,,,,,,,,,,,,,,,,,,,,,,,,,,,,
135861,"Templeton, W.C.","Smith, Jeremiah",,,,,,,,,,,,,,,,,,,,,,,,,,,,,,,,
135862,"Harris, Morgan & Co.","Forbes, Thomas",,,,,,,,,,,,,,,,,,,,,,,,,,,,,,,,
135863,"Harris, Morgan & Co.","Talbot, William H.",,,,,,,,,,,,,,,,,,,,,,,,,,,,,,,,
135864,"Templeton, W.C.","Smith, Jeremiah",,,,,,,,,,,,,,,,,,,,,,,,,,,,,,,,
135865,"Harris, Morgan & Co.","Place, Henry",,,,,,,,,,,,,,,,,,,,,,,,,,,,,,,,
135866,"Harris, Morgan & Co.","Rathburn, William",,,,,,,,,,,,,,,,,,,,,,,,,,,,,,,,
135867,"Harris, Morgan & Co.","Sheppard, Henry",,,,,,,,,,,,,,,,,,,,,,,,,,,,,,,,
135868,"Harris, Morgan & Co.","Forbes, Thomas",,,,,,,,,,,,,,,,,,,,,,,,,,,,,,,,
135869,"Templeton, W.C.","Smith, Jeremiah",,,,,,,,,,,,,,,,,,,,,,,,,,,,,,,,
135870,"Harris, Morgan & Co.","Talbot, William H.",,,,,,,,,,,,,,,,,,,,,,,,,,,,,,,,
135871,"Harris, Morgan & Co.","Sheppard, Henry",,,,,,,,,,,,,,,,,,,,,,,,,,,,,,,,
135872,"Harris, Morgan & Co.","Lawless, John",,,,,,,,,,,,,,,,,,,,,,,,,,,,,,,,
135873,"Templeton, W.C.","Smith, Jeremiah",,,,,,,,,,,,,,,,,,,,,,,,,,,,,,,,
135874,"Harris, Morgan & Co.","Forbes, Thomas",,,,,,,,,,,,,,,,,,,,,,,,,,,,,,,,
135875,"Harris, Morgan & Co.","Talbot, William H.",,,,,,,,,,,,,,,,,,,,,,,,,,,,,,,,
135876,"Harris, Morgan & Co.","Place, Henry",,,,,,,,,,,,,,,,,,,,,,,,,,,,,,,,
135877,"Templeton, W.C.","Smith, Jeremiah","Lefevre, P.E.",,,,,,,,,,,,,,,,,,,,,,,,,,,,,,,
135878,"Harris, Morgan & Co.","Lawless, John",,,,,,,,,,,,,,,,,,,,,,,,,,,,,,,,
135879,"Harris, Morgan & Co.","Sheppard, Henry","Talbot, William H.",,,,,,,,,,,,,,,,,,,,,,,,,,,,,,,
135880,"Templeton, W.C.","Smith, Jeremiah",,,,,,,,,,,,,,,,,,,,,,,,,,,,,,,,
135881,"Harris, Morgan & Co.","Place, Henry",,,,,,,,,,,,,,,,,,,,,,,,,,,,,,,,
135882,"Harris, Morgan & Co.","Lawless, John",,,,,,,,,,,,,,,,,,,,,,,,,,,,,,,,
135883,"Templeton, W.C.","Smith, Jeremiah",,,,,,,,,,,,,,,,,,,,,,,,,,,,,,,,
135884,"Harris, Morgan & Co.","Lawless, John",,,,,,,,,,,,,,,,,,,,,,,,,,,,,,,,
135885,"Harris, Morgan & Co.","Lawless, John",,,,,,,,,,,,,,,,,,,,,,,,,,,,,,,,
135886,"Harris, Morgan & Co.","Place, Henry",Lawless,,,,,,,,,,,,,,,,,,,,,,,,,,,,,,,
135887,"Harris, Morgan & Co.","Lawless, John",,,,,,,,,,,,,,,,,,,,,,,,,,,,,,,,
135888,"Harris, Morgan & Co.","Place, Henry",,,,,,,,,,,,,,,,,,,,,,,,,,,,,,,,
135889,"Harris, Morgan & Co.","Lawless, John",,,,,,,,,,,,,,,,,,,,,,,,,,,,,,,,
135890,"Harris, Morgan & Co.","Place, Henry",,,,,,,,,,,,,,,,,,,,,,,,,,,,,,,,
135891,"Harris, Morgan & Co.","Lawless, John",,,,,,,,,,,,,,,,,,,,,,,,,,,,,,,,
135892,"Harris, Morgan & Co.","Lawless, John",,,,,,,,,,,,,,,,,,,,,,,,,,,,,,,,
135893,"Harris, Morgan & Co.","Lawless, John",,,,,,,,,,,,,,,,,,,,,,,,,,,,,,,,
135894,"Harris, Morgan & Co.","Lawless, John",,,,,,,,,,,,,,,,,,,,,,,,,,,,,,,,
135895,"Harris, Morgan & Co.","Place, Henry",,,,,,,,,,,,,,,,,,,,,,,,,,,,,,,,
135896,"Harris, Morgan & Co.","Lawless, John",,,,,,,,,,,,,,,,,,,,,,,,,,,,,,,,
135897,"Harris, Morgan & Co.","Place, Henry",,,,,,,,,,,,,,,,,,,,,,,,,,,,,,,,
135898,"Harris, Morgan & Co.","Lawless, John",,,,,,,,,,,,,,,,,,,,,,,,,,,,,,,,
135899,"Harris, Morgan & Co.","Place, Henry",,,,,,,,,,,,,,,,,,,,,,,,,,,,,,,,
135900,"Harris, Morgan & Co.","Talbot, William H.",,,,,,,,,,,,,,,,,,,,,,,,,,,,,,,,
135901,"Harris, Morgan & Co.","Talbot, William H.",,,,,,,,,,,,,,,,,,,,,,,,,,,,,,,,
135902,"Harris, Morgan & Co.","Place, Henry",,,,,,,,,,,,,,,,,,,,,,,,,,,,,,,,
135903,"Harris, Morgan & Co.","Lawless, John",,,,,,,,,,,,,,,,,,,,,,,,,,,,,,,,
135904,"Harris, Morgan & Co.","Talbot, William H.",,,,,,,,,,,,,,,,,,,,,,,,,,,,,,,,
135905,"Harris, Morgan & Co.","Place, Henry",,,,,,,,,,,,,,,,,,,,,,,,,,,,,,,,
135906,"Harris, Morgan & Co.","Lawless, John",,,,,,,,,,,,,,,,,,,,,,,,,,,,,,,,
135907,"Harris, Morgan & Co.","Smith, Rob",,,,,,,,,,,,,,,,,,,,,,,,,,,,,,,,
135908,"Harris, Morgan & Co.","Talbot, William H.",,,,,,,,,,,,,,,,,,,,,,,,,,,,,,,,
135909,"Harris, Morgan & Co.","Place, Henry",,,,,,,,,,,,,,,,,,,,,,,,,,,,,,,,
135910,"Harris, Morgan & Co.","Lawless, John",,,,,,,,,,,,,,,,,,,,,,,,,,,,,,,,
135911,"Harris, Morgan & Co.","Talbot, William H.",,,,,,,,,,,,,,,,,,,,,,,,,,,,,,,,
135912,Washburn,Washburn,,,,,,,,,,,,,,,,,,,,,,,,,,,,,,,,
135913,"Bauduc, Block, & Co.","Huard, H.",,,,,,,,,,,,,,,,,,,,,,,,,,,,,,,,
135914,"Harris, Morgan & Co.","Place, Henry",,,,,,,,,,,,,,,,,,,,,,,,,,,,,,,,
135915,"Harris, Morgan & Co.","Lawless, John",,,,,,,,,,,,,,,,,,,,,,,,,,,,,,,,
135916,"Harris, Morgan & Co.","Talbot, William H.",,,,,,,,,,,,,,,,,,,,,,,,,,,,,,,,
135917,"Harris, Morgan & Co.","Place, Henry",,,,,,,,,,,,,,,,,,,,,,,,,,,,,,,,
135918,"Harris, Morgan & Co.","Lawless, John",,,,,,,,,,,,,,,,,,,,,,,,,,,,,,,,
135919,"Harris, Morgan & Co.","Talbot, William H.","Lawless, James",,,,,,,,,,,,,,,,,,,,,,,,,,,,,,,
135920,"Harris, Morgan & Co.","Place, Henry",,,,,,,,,,,,,,,,,,,,,,,,,,,,,,,,
135921,"Harris, Morgan & Co.","Lawless, John",,,,,,,,,,,,,,,,,,,,,,,,,,,,,,,,
135922,"Harris, Morgan & Co.","Lawless, James","Talbot, William H.",,,,,,,,,,,,,,,,,,,,,,,,,,,,,,,
135923,"Harris, Morgan & Co.","Place, Henry",,,,,,,,,,,,,,,,,,,,,,,,,,,,,,,,
135924,"Harris, Morgan & Co.","Smith, Rob",,,,,,,,,,,,,,,,,,,,,,,,,,,,,,,,
135925,"Harris, Morgan & Co.","Lawless, James",,,,,,,,,,,,,,,,,,,,,,,,,,,,,,,,
135926,"Bauduc, Block, & Co.","Huard, H.",,,,,,,,,,,,,,,,,,,,,,,,,,,,,,,,
135927,"Harris, Morgan & Co.","Place, Henry",,,,,,,,,,,,,,,,,,,,,,,,,,,,,,,,
135928,"Harris, Morgan & Co.","Smith, Rob",,,,,,,,,,,,,,,,,,,,,,,,,,,,,,,,
135929,"Harris, Morgan & Co.","Lawless, John",,,,,,,,,,,,,,,,,,,,,,,,,,,,,,,,
135930,"Harris, Morgan & Co.","Lawless, James",,,,,,,,,,,,,,,,,,,,,,,,,,,,,,,,
135931,"Harris, Morgan & Co.","Place, Henry",,,,,,,,,,,,,,,,,,,,,,,,,,,,,,,,
135932,"Bauduc, Block, & Co.","Huard, H.",,,,,,,,,,,,,,,,,,,,,,,,,,,,,,,,
135933,"Harris, Morgan & Co.","Lawless, John",,,,,,,,,,,,,,,,,,,,,,,,,,,,,,,,
135934,"Harris, Morgan & Co.","Lawless, James",,,,,,,,,,,,,,,,,,,,,,,,,,,,,,,,
135935,"Harris, Morgan & Co.","Place, Henry",,,,,,,,,,,,,,,,,,,,,,,,,,,,,,,,
135936,"Harris, Morgan & Co.","Lawless, John",,,,,,,,,,,,,,,,,,,,,,,,,,,,,,,,
135937,"Harris, Morgan & Co.","Lawless, James",,,,,,,,,,,,,,,,,,,,,,,,,,,,,,,,
135938,"Harris, Morgan & Co.","Place, Henry",,,,,,,,,,,,,,,,,,,,,,,,,,,,,,,,
135939,"Harris, Morgan & Co.","Lawless, John",,,,,,,,,,,,,,,,,,,,,,,,,,,,,,,,
135940,"Harris, Morgan & Co.","Lawless, James",,,,,,,,,,,,,,,,,,,,,,,,,,,,,,,,
135941,"Harris, Morgan & Co.","Place, Henry",,,,,,,,,,,,,,,,,,,,,,,,,,,,,,,,
135942,"Harris, Morgan & Co.","Lawless, John",,,,,,,,,,,,,,,,,,,,,,,,,,,,,,,,
135943,"Harris, Morgan & Co.","Lawless, James",,,,,,,,,,,,,,,,,,,,,,,,,,,,,,,,
135944,"Harris, Morgan & Co.","Place, Henry",,,,,,,,,,,,,,,,,,,,,,,,,,,,,,,,
135945,"Harris, Morgan & Co.","Lawless, John",,,,,,,,,,,,,,,,,,,,,,,,,,,,,,,,
135946,"Harris, Morgan & Co.","Lawless, James",,,,,,,,,,,,,,,,,,,,,,,,,,,,,,,,
135947,"Phelps, J.H.","Wilson, John",,,,,,,,,,,,,,,,,,,,,,,,,,,,,,,,
135948,"Harris, Morgan & Co.","Place, Henry",,,,,,,,,,,,,,,,,,,,,,,,,,,,,,,,
135949,"Bauduc, Block, & Co.","Huard, H.",,,,,,,,,,,,,,,,,,,,,,,,,,,,,,,,
135950,"Harris, Morgan & Co.","Lawless, John",,,,,,,,,,,,,,,,,,,,,,,,,,,,,,,,
135951,"Harris, Morgan & Co.","Lawless, James",,,,,,,,,,,,,,,,,,,,,,,,,,,,,,,,
135952,"Harris, Morgan & Co.","Place, Henry",,,,,,,,,,,,,,,,,,,,,,,,,,,,,,,,
135953,"Harris, Morgan & Co.","Lawless, John",,,,,,,,,,,,,,,,,,,,,,,,,,,,,,,,
135954,"Harris, Morgan & Co.","Lawless, James",,,,,,,,,,,,,,,,,,,,,,,,,,,,,,,,
135955,"Harris, Morgan & Co.","Lawless, James","Wilson, Henry",,,,,,,,,,,,,,,,,,,,,,,,,,,,,,,
135956,"Harris, Morgan & Co.","Terry, P.E.",,,,,,,,,,,,,,,,,,,,,,,,,,,,,,,,
135957,"Harris, Morgan & Co.","Wilson, Henry",,,,,,,,,,,,,,,,,,,,,,,,,,,,,,,,
135958,"Harris, Morgan & Co.","Rathburn, William",,,,,,,,,,,,,,,,,,,,,,,,,,,,,,,,
135959,"Harris, Morgan & Co.","Talbot, William H.",,,,,,,,,,,,,,,,,,,,,,,,,,,,,,,,
135960,"Harris, Morgan & Co.",Lawless,,,,,,,,,,,,,,,,,,,,,,,,,,,,,,,,
135961,"Harris, Morgan & Co.","Wilson, Henry",,,,,,,,,,,,,,,,,,,,,,,,,,,,,,,,
135962,"Bauduc, Block, & Co.","Huard, H.",,,,,,,,,,,,,,,,,,,,,,,,,,,,,,,,
135963,"Harris, Morgan & Co.","Rathburn, William",,,,,,,,,,,,,,,,,,,,,,,,,,,,,,,,
135964,"Harris, Morgan & Co.",Lawless,,,,,,,,,,,,,,,,,,,,,,,,,,,,,,,,
135965,"Harris, Morgan & Co.",Smith,,,,,,,,,,,,,,,,,,,,,,,,,,,,,,,,
135966,"Harris, Morgan & Co.","Wilson, Henry",,,,,,,,,,,,,,,,,,,,,,,,,,,,,,,,
135967,"Harris, Morgan & Co.","Rathburn, William",,,,,,,,,,,,,,,,,,,,,,,,,,,,,,,,
135968,"Harris, Morgan & Co.","Lawless, John",,,,,,,,,,,,,,,,,,,,,,,,,,,,,,,,
135969,"Harris, Morgan & Co.","Wilson, Henry",,,,,,,,,,,,,,,,,,,,,,,,,,,,,,,,
135970,"Harris, Morgan & Co.","Rathburn, William",,,,,,,,,,,,,,,,,,,,,,,,,,,,,,,,
135971,"Harris, Morgan & Co.","Place, Henry",,,,,,,,,,,,,,,,,,,,,,,,,,,,,,,,
135972,"Harris, Morgan & Co.","Wilson, Henry",Lawless,,,,,,,,,,,,,,,,,,,,,,,,,,,,,,,
135973,"Harris, Morgan & Co.","Lawless, John",,,,,,,,,,,,,,,,,,,,,,,,,,,,,,,,
135974,"Harris, Morgan & Co.","Place, Henry",,,,,,,,,,,,,,,,,,,,,,,,,,,,,,,,
135975,"Harris, Morgan & Co.","Wilson, Henry",,,,,,,,,,,,,,,,,,,,,,,,,,,,,,,,
135976,"Bauduc, Block, & Co.","Huard, H.",,,,,,,,,,,,,,,,,,,,,,,,,,,,,,,,
135977,"Harris, Morgan & Co.","Rathburn, William",,,,,,,,,,,,,,,,,,,,,,,,,,,,,,,,
135978,"Harris, Morgan & Co.","Place, Henry",,,,,,,,,,,,,,,,,,,,,,,,,,,,,,,,
135979,"Harris, Morgan & Co.","Wilson, Henry",,,,,,,,,,,,,,,,,,,,,,,,,,,,,,,,
135980,"Payne, C.B.","Place, Henry",,,,,,,,,,,,,,,,,,,,,,,,,,,,,,,,
135981,"Payne, C.B.","Wilson, Henry",,,,,,,,,,,,,,,,,,,,,,,,,,,,,,,,
135982,"Payne, C.B.","Lawless, John",,,,,,,,,,,,,,,,,,,,,,,,,,,,,,,,
135983,"Payne, C.B.","Place, Henry",,,,,,,,,,,,,,,,,,,,,,,,,,,,,,,,
135984,"Payne, C.B.","Wilson, Henry",,,,,,,,,,,,,,,,,,,,,,,,,,,,,,,,
135985,"Payne, C.B.","Gardner, A.S.",,,,,,,,,,,,,,,,,,,,,,,,,,,,,,,,
135986,"Payne, C.B.","Place, Henry",,,,,,,,,,,,,,,,,,,,,,,,,,,,,,,,
135987,"Payne, C.B.","Wilson, Henry",,,,,,,,,,,,,,,,,,,,,,,,,,,,,,,,
135988,"Payne, C.B.","Lawless, John",,,,,,,,,,,,,,,,,,,,,,,,,,,,,,,,
135989,"Payne, C.B.","Place, Henry",,,,,,,,,,,,,,,,,,,,,,,,,,,,,,,,
135990,"Payne, C.B.","Place, Henry",,,,,,,,,,,,,,,,,,,,,,,,,,,,,,,,
135991,"Payne, C.B.","Cromwell, J.S.",,,,,,,,,,,,,,,,,,,,,,,,,,,,,,,,
135992,"Payne, C.B.","Lawless, John",,,,,,,,,,,,,,,,,,,,,,,,,,,,,,,,
135993,"Payne, C.B.","Place, Henry",,,,,,,,,,,,,,,,,,,,,,,,,,,,,,,,
135994,"Payne, C.B.",Lawless,,,,,,,,,,,,,,,,,,,,,,,,,,,,,,,,
135995,"Payne, C.B.","Place, Henry",,,,,,,,,,,,,,,,,,,,,,,,,,,,,,,,
135996,"Payne, C.B.","Cromwell, J.S.",,,,,,,,,,,,,,,,,,,,,,,,,,,,,,,,
135997,"Payne, C.B.","Lawless, John",,,,,,,,,,,,,,,,,,,,,,,,,,,,,,,,
135998,"Payne, C.B.","Cromwell, J.S.",,,,,,,,,,,,,,,,,,,,,,,,,,,,,,,,
135999,"Payne, C.B.",Dennison,"Lawless, John",,,,,,,,,,,,,,,,,,,,,,,,,,,,,,,
136000,"Payne, C.B.","Wilson, Henry",,,,,,,,,,,,,,,,,,,,,,,,,,,,,,,,
136001,"Bauduc, F.J.","Huard, H.",,,,,,,,,,,,,,,,,,,,,,,,,,,,,,,,
136002,"Payne, C.B.","Talbot, William H.",,,,,,,,,,,,,,,,,,,,,,,,,,,,,,,,
136003,"Payne, C.B.","Wilson, Henry",,,,,,,,,,,,,,,,,,,,,,,,,,,,,,,,
136004,"Bondousquie, Phillips & Co.","Blackney, W.",,,,,,,,,,,,,,,,,,,,,,,,,,,,,,,,
136005,Young,Young,,,,,,,,,,,,,,,,,,,,,,,,,,,,,,,,
136006,"Payne, C.B.","Lawless, John",,,,,,,,,,,,,,,,,,,,,,,,,,,,,,,,
136007,"Payne, C.B.","Talbot, William H.",,,,,,,,,,,,,,,,,,,,,,,,,,,,,,,,
136008,"Payne, C.B.","Cromwell, J.S.",,,,,,,,,,,,,,,,,,,,,,,,,,,,,,,,
136009,"Payne, C.B.",Lawless,,,,,,,,,,,,,,,,,,,,,,,,,,,,,,,,
136010,"Payne, C.B.","Cromwell, J.S.",,,,,,,,,,,,,,,,,,,,,,,,,,,,,,,,
136011,"Payne, C.B.","Lawless, John",,,,,,,,,,,,,,,,,,,,,,,,,,,,,,,,
136012,"Payne, C.B.","Talbot, William H.",,,,,,,,,,,,,,,,,,,,,,,,,,,,,,,,
136013,"Payne, C.B.","Cromwell, J.S.",,,,,,,,,,,,,,,,,,,,,,,,,,,,,,,,
136014,"Payne, C.B.","Lawless, John",,,,,,,,,,,,,,,,,,,,,,,,,,,,,,,,
136015,"Harris, I.C.","Talbot, William H.",,,,,,,,,,,,,,,,,,,,,,,,,,,,,,,,
136016,"Harris, I.C.","Talbot, William H.",,,,,,,,,,,,,,,,,,,,,,,,,,,,,,,,
136017,"Harris, I.C.","Lawless, John",,,,,,,,,,,,,,,,,,,,,,,,,,,,,,,,
136018,"Harris, I.C.","Wilson, Henry",,,,,,,,,,,,,,,,,,,,,,,,,,,,,,,,
136019,"Harris, I.C.","Lawless, John",,,,,,,,,,,,,,,,,,,,,,,,,,,,,,,,
136020,"Harris, I.C.","Wilson, Henry",,,,,,,,,,,,,,,,,,,,,,,,,,,,,,,,
136021,"Harris, I.C.","Lawless, John",,,,,,,,,,,,,,,,,,,,,,,,,,,,,,,,
136022,"Harris, I.C.","Wilson, Henry",,,,,,,,,,,,,,,,,,,,,,,,,,,,,,,,
136023,"Harris, I.C.",Fowler,,,,,,,,,,,,,,,,,,,,,,,,,,,,,,,,
136024,"Harris, I.C.","Lawless, John",,,,,,,,,,,,,,,,,,,,,,,,,,,,,,,,
136025,"Harris, I.C.","Wilson, Henry",,,,,,,,,,,,,,,,,,,,,,,,,,,,,,,,
136026,"Harris, I.C.","Talbot, William H.",,,,,,,,,,,,,,,,,,,,,,,,,,,,,,,,
136027,"Harris, I.C.","Wilson, Henry",,,,,,,,,,,,,,,,,,,,,,,,,,,,,,,,
136028,"Harris, I.C.",Shannon,,,,,,,,,,,,,,,,,,,,,,,,,,,,,,,,
136029,"Harris, I.C.","Lawless, John",Wallace,,,,,,,,,,,,,,,,,,,,,,,,,,,,,,,
136030,"Merie, Beylle & Co.","Windle, Henry",,,,,,,,,,,,,,,,,,,,,,,,,,,,,,,,
136031,"Merie, Beylle & Co.","Windle, Henry",,,,,,,,,,,,,,,,,,,,,,,,,,,,,,,,
136032,"Wickham, O.","Matson, J.",,,,,,,,,,,,,,,,,,,,,,,,,,,,,,,,
136033,Gillett,Gillett,,,,,,,,,,,,,,,,,,,,,,,,,,,,,,,,
136034,,"Wood, J.W.",,,,,,,,,,,,,,,,,,,,,,,,,,,,,,,,
136035,Smoker,Smoker,,,,,,,,,,,,,,,,,,,,,,,,,,,,,,,,
136036,S.L. & E.L. Levy,"Smith, J",,,,,,,,,,,,,,,,,,,,,,,,,,,,,,,,
136037,A. Kearny & Co.,"Pepper, Daniel",,,,,,,,,,,,,,,,,,,,,,,,,,,,,,,,
136038,"Miner, S.A.","Miner, S.A.",,,,,,,,,,,,,,,,,,,,,,,,,,,,,,,,
136039,Hawthorn & Woods,"Wright, John T.",,,,,,,,,,,,,,,,,,,,,,,,,,,,,,,,
136040,"Harris, Morgan & Co.",Cozzins,,,,,,,,,,,,,,,,,,,,,,,,,,,,,,,,
136041,"Payne, C.B.","Smith, Rob",,,,,,,,,,,,,,,,,,,,,,,,,,,,,,,,
136042,J.A. Barrelli & Co.,"Otis, John C.",,,,,,,,,,,,,,,,,,,,,,,,,,,,,,,,
136043,S.L. & E.L. Levy,"Bullen, R.N.",,,,,,,,,,,,,,,,,,,,,,,,,,,,,,,,
136044,E.J. Hart & Co.,"Lewis, S.B.",,,,,,,,,,,,,,,,,,,,,,,,,,,,,,,,
136045,Harris & Morgan,"Forbes, Thomas",,,,,,,,,,,,,,,,,,,,,,,,,,,,,,,,
136046,,"Talbot, William H.",,,,,,,,,,,,,,,,,,,,,,,,,,,,,,,,
136047,"Payne, C.B.","Cromwell, J.S.",,,,,,,,,,,,,,,,,,,,,,,,,,,,,,,,
136048,Barelli & Co.,"Brower, John D.",,,,,,,,,,,,,,,,,,,,,,,,,,,,,,,,
136049,Barelli & Co.,"Brower, John D.",,,,,,,,,,,,,,,,,,,,,,,,,,,,,,,,
136050,"Harris, Morgan & Co.","Lawless, John",,,,,,,,,,,,,,,,,,,,,,,,,,,,,,,,
136051,"Harris, Morgan & Co.",Lawless,,,,,,,,,,,,,,,,,,,,,,,,,,,,,,,,
136052,"Prohn, Clegg & Co.","Grant, David",,,,,,,,,,,,,,,,,,,,,,,,,,,,,,,,
136053,,"Rollins, William",,,,,,,,,,,,,,,,,,,,,,,,,,,,,,,,
136054,Bogert & Hawthorn,"Wright, John T.",,,,,,,,,,,,,,,,,,,,,,,,,,,,,,,,
136055,Bogert & Hawthorn,"Wright, John T.",,,,,,,,,,,,,,,,,,,,,,,,,,,,,,,,
136056,Bogert & Hawthorn,"Wright, John T.",,,,,,,,,,,,,,,,,,,,,,,,,,,,,,,,
136057,Bogert & Hawthorn,"Wright, John T.",,,,,,,,,,,,,,,,,,,,,,,,,,,,,,,,
136058,Hawthorn & Woods,"Phillips, J.D.",,,,,,,,,,,,,,,,,,,,,,,,,,,,,,,,
136059,Hawthorn & Woods,"Phillips, J.D.",,,,,,,,,,,,,,,,,,,,,,,,,,,,,,,,
136060,Hawthorn & Woods,"Phillips, J.D.",,,,,,,,,,,,,,,,,,,,,,,,,,,,,,,,
136061,Hawthorn & Woods,"Phillips, J.D.",,,,,,,,,,,,,,,,,,,,,,,,,,,,,,,,
136062,Hawthorn & Woods,"Phillips, J.D.",,,,,,,,,,,,,,,,,,,,,,,,,,,,,,,,
136063,"Armstrong, Harris & Co.",Wells,,,,,,,,,,,,,,,,,,,,,,,,,,,,,,,,
136064,,"Forbes, Thomas",,,,,,,,,,,,,,,,,,,,,,,,,,,,,,,,
136065,"Harris, Morgan & Co.","Sheppard, Henry",,,,,,,,,,,,,,,,,,,,,,,,,,,,,,,,
136066,"Dobbin, L.","Winch, James",,,,,,,,,,,,,,,,,,,,,,,,,,,,,,,,
136067,"Bryan, Austin & Co.","Rogers, William",,,,,,,,,,,,,,,,,,,,,,,,,,,,,,,,
136068,,"Rogers, William",,,,,,,,,,,,,,,,,,,,,,,,,,,,,,,,
136069,Bogert & Hawthorn,"Wade, John",,,,,,,,,,,,,,,,,,,,,,,,,,,,,,,,
136070,Bogert & Hawthorn,"Wade, John",,,,,,,,,,,,,,,,,,,,,,,,,,,,,,,,
136071,Bogert & Hawthorn,"Wade, John",,,,,,,,,,,,,,,,,,,,,,,,,,,,,,,,
136072,Wood,Wood,,,,,,,,,,,,,,,,,,,,,,,,,,,,,,,,
136073,,,,,,,,,,,,,,,,,,,,,,,,,,,,,,,,,,
136074,,"Wilson, Henry",,,,,,,,,,,,,,,,,,,,,,,,,,,,,,,,
136075,,"Talbot, William H.",,,,,,,,,,,,,,,,,,,,,,,,,,,,,,,,
136076,,"Mason, J.D.",,,,,,,,,,,,,,,,,,,,,,,,,,,,,,,,
136077,,"Peck, Henry",,,,,,,,,,,,,,,,,,,,,,,,,,,,,,,,
136078,,Baker,,,,,,,,,,,,,,,,,,,,,,,,,,,,,,,,
136079,,"Meier, T.W.",,,,,,,,,,,,,,,,,,,,,,,,,,,,,,,,
136080,,Coleran,,,,,,,,,,,,,,,,,,,,,,,,,,,,,,,,
136081,,"Rae, H.M.",,,,,,,,,,,,,,,,,,,,,,,,,,,,,,,,
136082,,"Colburn, Oliver",,,,,,,,,,,,,,,,,,,,,,,,,,,,,,,,
136083,,,,,,,,,,,,,,,,,,,,,,,,,,,,,,,,,,
136084,,"Still, William G.",,,,,,,,,,,,,,,,,,,,,,,,,,,,,,,,
136085,,"John, B.",,,,,,,,,,,,,,,,,,,,,,,,,,,,,,,,
136086,,"John, B.",,,,,,,,,,,,,,,,,,,,,,,,,,,,,,,,
136087,,Burke,,,,,,,,,,,,,,,,,,,,,,,,,,,,,,,,
136088,,Brockman,,,,,,,,,,,,,,,,,,,,,,,,,,,,,,,,
136089,,Whitney,,,,,,,,,,,,,,,,,,,,,,,,,,,,,,,,
136090,,Whitney,,,,,,,,,,,,,,,,,,,,,,,,,,,,,,,,
136091,,Shinn,,,,,,,,,,,,,,,,,,,,,,,,,,,,,,,,
136092,,Springer,,,,,,,,,,,,,,,,,,,,,,,,,,,,,,,,
136093,,"Maples, George",,,,,,,,,,,,,,,,,,,,,,,,,,,,,,,,
136094,,"Johnson, John",,,,,,,,,,,,,,,,,,,,,,,,,,,,,,,,
136095,H.O. Brewer & Co.,"Smith, J.P.",,,,,,,,,,,,,,,,,,,,,,,,,,,,,,,,
136096,,"Smith, J.P.",,,,,,,,,,,,,,,,,,,,,,,,,,,,,,,,
136097,,"Smith, J.P.",,,,,,,,,,,,,,,,,,,,,,,,,,,,,,,,
136098,W. & R. Co.,"Smith, J.P.",,,,,,,,,,,,,,,,,,,,,,,,,,,,,,,,
136099,,"Thompson, T.C.",,,,,,,,,,,,,,,,,,,,,,,,,,,,,,,,
136100,,"Stevens, William",,,,,,,,,,,,,,,,,,,,,,,,,,,,,,,,
136101,,"Walker, David",,,,,,,,,,,,,,,,,,,,,,,,,,,,,,,,
136102,,"Moore, A.",,,,,,,,,,,,,,,,,,,,,,,,,,,,,,,,
136103,,"Frazier, Thomas",,,,,,,,,,,,,,,,,,,,,,,,,,,,,,,,
136104,,Appleman,,,,,,,,,,,,,,,,,,,,,,,,,,,,,,,,
136105,,"Burr Jr., Jonathan",,,,,,,,,,,,,,,,,,,,,,,,,,,,,,,,
136106,,Clark,,,,,,,,,,,,,,,,,,,,,,,,,,,,,,,,
136107,,"Tanswell, John N.",,,,,,,,,,,,,,,,,,,,,,,,,,,,,,,,
136108,E.C. Center & Co.,Burke,,,,,,,,,,,,,,,,,,,,,,,,,,,,,,,,
136109,,"Baker, John",,,,,,,,,,,,,,,,,,,,,,,,,,,,,,,,
136110,,"Abbott, Martin L.",,,,,,,,,,,,,,,,,,,,,,,,,,,,,,,,
136111,,"Murray, E.",,,,,,,,,,,,,,,,,,,,,,,,,,,,,,,,
136112,,Smith,,,,,,,,,,,,,,,,,,,,,,,,,,,,,,,,
136113,,,,,,,,,,,,,,,,,,,,,,,,,,,,,,,,,,
136114,,"Wilson, Daniel",,,,,,,,,,,,,,,,,,,,,,,,,,,,,,,,
136115,,"Brown, J.",,,,,,,,,,,,,,,,,,,,,,,,,,,,,,,,
136116,,,,,,,,,,,,,,,,,,,,,,,,,,,,,,,,,,
136117,,Fogg,,,,,,,,,,,,,,,,,,,,,,,,,,,,,,,,
136118,,"Denslow, A.D.",,,,,,,,,,,,,,,,,,,,,,,,,,,,,,,,
136119,,"Jones, D.B.",,,,,,,,,,,,,,,,,,,,,,,,,,,,,,,,
136120,,"Rowland, John G.",,,,,,,,,,,,,,,,,,,,,,,,,,,,,,,,
136121,,"Rowland, John G.",,,,,,,,,,,,,,,,,,,,,,,,,,,,,,,,
136122,,"Murphy, Jenkins H.",,,,,,,,,,,,,,,,,,,,,,,,,,,,,,,,
136123,,"Sheppard, Henry",,,,,,,,,,,,,,,,,,,,,,,,,,,,,,,,
136124,,"Smith, J.",,,,,,,,,,,,,,,,,,,,,,,,,,,,,,,,
136125,,"Harper, T.",,,,,,,,,,,,,,,,,,,,,,,,,,,,,,,,
136126,,"Wood, John D.",,,,,,,,,,,,,,,,,,,,,,,,,,,,,,,,
136127,,"Wood, John D.",,,,,,,,,,,,,,,,,,,,,,,,,,,,,,,,
136128,,Stevenson,,,,,,,,,,,,,,,,,,,,,,,,,,,,,,,,
136129,,"Wade, John",,,,,,,,,,,,,,,,,,,,,,,,,,,,,,,,
136130,,"Windle, Henry",,,,,,,,,,,,,,,,,,,,,,,,,,,,,,,,
136131,,"Carson, Joseph B.",,,,,,,,,,,,,,,,,,,,,,,,,,,,,,,,
136132,,,,,,,,,,,,,,,,,,,,,,,,,,,,,,,,,,
136133,,"Blearson, Joseph",,,,,,,,,,,,,,,,,,,,,,,,,,,,,,,,
136134,,"Dubs, Evans",,,,,,,,,,,,,,,,,,,,,,,,,,,,,,,,
136135,,"Fuller, Sam",,,,,,,,,,,,,,,,,,,,,,,,,,,,,,,,
136136,,Scott,,,,,,,,,,,,,,,,,,,,,,,,,,,,,,,,
136137,,,,,,,,,,,,,,,,,,,,,,,,,,,,,,,,,,
136138,,Morgan,,,,,,,,,,,,,,,,,,,,,,,,,,,,,,,,
136139,,"Baker, James",,,,,,,,,,,,,,,,,,,,,,,,,,,,,,,,
136140,,"Baker, M.E.",,,,,,,,,,,,,,,,,,,,,,,,,,,,,,,,
136141,,"Wilkins, William N.",,,,,,,,,,,,,,,,,,,,,,,,,,,,,,,,
136142,,"Wright, John T.",,,,,,,,,,,,,,,,,,,,,,,,,,,,,,,,
136143,,"Webb, E.",,,,,,,,,,,,,,,,,,,,,,,,,,,,,,,,
136144,,Rodfish,,,,,,,,,,,,,,,,,,,,,,,,,,,,,,,,
136145,,"Draper, A.",,,,,,,,,,,,,,,,,,,,,,,,,,,,,,,,
136146,,"Wood, John D.",,,,,,,,,,,,,,,,,,,,,,,,,,,,,,,,
136147,,,,,,,,,,,,,,,,,,,,,,,,,,,,,,,,,,
136148,,"Ducey, P.",,,,,,,,,,,,,,,,,,,,,,,,,,,,,,,,
136149,,"Rowland, John G.",,,,,,,,,,,,,,,,,,,,,,,,,,,,,,,,
136150,,"Smith, Jeremiah",,,,,,,,,,,,,,,,,,,,,,,,,,,,,,,,
136151,,Smith,,,,,,,,,,,,,,,,,,,,,,,,,,,,,,,,
136152,,"Talbot, William H.",,,,,,,,,,,,,,,,,,,,,,,,,,,,,,,,
136153,,"Lawless, John",,,,,,,,,,,,,,,,,,,,,,,,,,,,,,,,
136154,,"Weems, W.L.",,,,,,,,,,,,,,,,,,,,,,,,,,,,,,,,
136155,,"Peck, Thomas",,,,,,,,,,,,,,,,,,,,,,,,,,,,,,,,
136156,,"Edward, Rufus",,,,,,,,,,,,,,,,,,,,,,,,,,,,,,,,
136157,,"Place, Henry",,,,,,,,,,,,,,,,,,,,,,,,,,,,,,,,
136158,,"Lawless, John",,,,,,,,,,,,,,,,,,,,,,,,,,,,,,,,
136159,,"Lawless, John",,,,,,,,,,,,,,,,,,,,,,,,,,,,,,,,
136160,,"Welch, A.",,,,,,,,,,,,,,,,,,,,,,,,,,,,,,,,
136161,,,,,,,,,,,,,,,,,,,,,,,,,,,,,,,,,,
136162,,"Fuller, Sam",,,,,,,,,,,,,,,,,,,,,,,,,,,,,,,,
136163,,"Rollins, William",,,,,,,,,,,,,,,,,,,,,,,,,,,,,,,,
136164,,"Wright, John T.",,,,,,,,,,,,,,,,,,,,,,,,,,,,,,,,
136165,,"Wright, John T.",,,,,,,,,,,,,,,,,,,,,,,,,,,,,,,,
136166,,"Smith, Jeremiah",,,,,,,,,,,,,,,,,,,,,,,,,,,,,,,,
136167,,"Smith, Jeremiah",,,,,,,,,,,,,,,,,,,,,,,,,,,,,,,,
136168,,"Smith, Jeremiah",,,,,,,,,,,,,,,,,,,,,,,,,,,,,,,,
136169,,"Smith, Jeremiah",,,,,,,,,,,,,,,,,,,,,,,,,,,,,,,,
136170,,"Smith, Jeremiah",,,,,,,,,,,,,,,,,,,,,,,,,,,,,,,,
136171,,"Smith, Jeremiah",,,,,,,,,,,,,,,,,,,,,,,,,,,,,,,,
136172,,"Smith, Jeremiah",,,,,,,,,,,,,,,,,,,,,,,,,,,,,,,,
136173,,"Smith, Jeremiah",,,,,,,,,,,,,,,,,,,,,,,,,,,,,,,,
136174,,"Smith, Jeremiah",,,,,,,,,,,,,,,,,,,,,,,,,,,,,,,,
136175,,Wells,,,,,,,,,,,,,,,,,,,,,,,,,,,,,,,,
136176,,"Lawless, John",,,,,,,,,,,,,,,,,,,,,,,,,,,,,,,,
136177,,"Brown, William S.",,,,,,,,,,,,,,,,,,,,,,,,,,,,,,,,
136178,,"Rowland, John G.",,,,,,,,,,,,,,,,,,,,,,,,,,,,,,,,
136179,,"Rowland, John G.",,,,,,,,,,,,,,,,,,,,,,,,,,,,,,,,
136180,,"Parker, Henry",,,,,,,,,,,,,,,,,,,,,,,,,,,,,,,,
136181,,"Auld, Edward",,,,,,,,,,,,,,,,,,,,,,,,,,,,,,,,
136182,,"Auld, Edward",,,,,,,,,,,,,,,,,,,,,,,,,,,,,,,,
136183,,"Auld, Edward",,,,,,,,,,,,,,,,,,,,,,,,,,,,,,,,
136184,,Summers,,,,,,,,,,,,,,,,,,,,,,,,,,,,,,,,
136185,,"Coates, R.S.",,,,,,,,,,,,,,,,,,,,,,,,,,,,,,,,
136186,,"Templeton, W.C.",,,,,,,,,,,,,,,,,,,,,,,,,,,,,,,,
136187,,"Crane, John R.",,,,,,,,,,,,,,,,,,,,,,,,,,,,,,,,
136188,,"Rollins, William",,,,,,,,,,,,,,,,,,,,,,,,,,,,,,,,
136189,,"Crane, John R.",,,,,,,,,,,,,,,,,,,,,,,,,,,,,,,,
136190,"Harris, I.C.","Wilson, Henry",,,,,,,,,,,,,,,,,,,,,,,,,,,,,,,,